Unnamed: 0,Title,Movie Info,Year,Distributor,Budget (in $),Domestic Opening (in $),Domestic Sales (in $),International Sales (in $),World Wide Sales (in $),Release Date,Genre,Running Time,License,Director,IMDb_Rating
0,avatar,A paraplegic Marine dispatched to the moon Pandora on a unique mission becomes torn between following his orders and protecting the world he feels is his home.,2009,Twentieth Century Fox,237000000.0,77025481,785221649,2138484377,2923706026,16-Dec-09,"['Action', 'Adventure', 'Fantasy', 'Sci-Fi']",2 hr 42 min,PG-13,James Cameron,7.9
1,avengers: endgame,"After the devastating events of Avengers: Infinity War, the universe is in ruins. With the help of remaining allies, the Avengers assemble once more in order to reverse Thanos' actions and restore balance to the universe.",2019,Walt Disney Studios Motion Pictures,356000000.0,357115007,858373000,1941066100,2799439100,24-Apr-19,"['Action', 'Adventure', 'Drama', 'Sci-Fi']",3 hr 1 min,PG-13,"Anthony Russo, Joe Russo",8.4
2,avatar: the way of water,"Jake Sully lives with his newfound family formed on the extrasolar moon Pandora. Once a familiar threat returns to finish what was previously started, Jake must work with Neytiri and the army of the Na'vi race to protect their home.",2022,20th Century Studios,400000000.0,134100226,684075767,1636174514,2320250281,24-Apr-19,"['Action', 'Adventure', 'Drama', 'Sci-Fi']",3 hr 1 min,PG-13,James Cameron,7.5
3,titanic,"A seventeen-year-old aristocrat falls in love with a kind but poor artist aboard the luxurious, ill-fated R.M.S. Titanic.",1997,Paramount Pictures,200000000.0,28638131,674292608,1590450697,2264743305,19-Dec-97,"['Drama', 'Romance']",3 hr 14 min,PG-13,James Cameron,7.9
4,star wars: episode vii - the force awakens,"As a new threat to the galaxy rises, Rey, a desert scavenger, and Finn, an ex-stormtrooper, must join Han Solo and Chewbacca to search for the one hope of restoring peace.",2015,Walt Disney Studios Motion Pictures,245000000.0,247966675,936662225,1134647993,2071310218,16-Dec-15,"['Action', 'Adventure', 'Sci-Fi']",2 hr 18 min,PG-13,J.J. Abrams,7.8
5,avengers: infinity war,The Avengers and their allies must be willing to sacrifice all in an attempt to defeat the powerful Thanos before his blitz of devastation and ruin puts an end to the universe.,2018,Walt Disney Studios Motion Pictures,300000000.0,257698183,678815482,1373599557,2052415039,16-Dec-15,"['Action', 'Adventure', 'Sci-Fi']",2 hr 18 min,PG-13,"Anthony Russo, Joe Russo",8.4
6,spider-man: no way home,"With Spider-Man's identity now revealed, Peter asks Doctor Strange for help. When a spell goes wrong, dangerous foes from other worlds start to appear, forcing Peter to discover what it truly means to be Spider-Man.",2021,Sony Pictures Entertainment (SPE),200000000.0,260138569,814115070,1107732041,1921847111,16-Dec-15,"['Action', 'Adventure', 'Sci-Fi']",2 hr 18 min,PG-13,Jon Watts,8.2
7,jurassic world,"A new theme park, built on the original site of Jurassic Park, creates a genetically modified hybrid dinosaur, the Indominus Rex, which escapes containment and goes on a killing spree.",2015,Universal Pictures,150000000.0,208806270,653406625,1018130819,1671537444,10-Jun-15,"['Action', 'Adventure', 'Sci-Fi']",2 hr 4 min,PG-13,Colin Trevorrow,6.9
8,the lion king,"After the murder of his father, a young lion prince flees his kingdom only to learn the true meaning of responsibility and bravery.",2019,Walt Disney Studios Motion Pictures,260000000.0,191770759,543638043,1119437358,1663075401,11-Jul-19,"['Adventure', 'Drama', 'Family', 'Musical']",1 hr 58 min,PG,Jon Favreau,6.8
9,the avengers,Earth's mightiest heroes must come together and learn to fight as a team if they are going to stop the mischievous Loki and his alien army from enslaving humanity.,2012,Walt Disney Studios Motion Pictures,220000000.0,207438708,623357910,897180626,1520538536,25-Apr-12,"['Action', 'Sci-Fi']",2 hr 23 min,PG-13,Joss Whedon,8.0
10,furious 7,Deckard Shaw seeks revenge against Dominic Toretto and his family for his comatose brother.,2015,Universal Pictures,190000000.0,147187040,353007020,1162334379,1515341399,1-Apr-15,"['Action', 'Crime', 'Thriller']",2 hr 17 min,PG-13,James Wan,7.1
11,top gun: maverick,"After thirty years, Maverick is still pushing the envelope as a top naval aviator, but must confront ghosts of his past when he leads TOP GUN's elite graduates on a mission that demands the ultimate sacrifice from those chosen to fly it.",2022,Paramount Pictures,177000000.0,126707459,718732821,776963471,1495696292,1-Apr-15,"['Action', 'Crime', 'Thriller']",2 hr 17 min,PG-13,Joseph Kosinski,8.2
12,frozen ii,"Anna, Elsa, Kristoff, Olaf and Sven leave Arendelle to travel to an ancient, autumn-bound forest of an enchanted land. They set out to find the origin of Elsa's powers in order to save their kingdom.",2019,Walt Disney Studios Motion Pictures,150000000.0,130263358,477373578,976309898,1453683476,20-Nov-19,"['Adventure', 'Animation', 'Comedy', 'Drama', 'Family', 'Fantasy', 'Musical']",1 hr 43 min,PG,"Chris Buck, Jennifer Lee",6.8
13,barbie,Barbie suffers a crisis that leads her to question her world and her existence.,2023,Warner Bros.,145000000.0,162022044,630450087,797000000,1427450087,20-Nov-19,"['Adventure', 'Animation', 'Comedy', 'Drama', 'Family', 'Fantasy', 'Musical']",1 hr 43 min,PG,Greta Gerwig,6.8
14,avengers: age of ultron,"When Tony Stark and Bruce Banner try to jump-start a dormant peacekeeping program called Ultron, things go horribly wrong and it's up to Earth's mightiest heroes to stop the villainous Ultron from enacting his terrible plan.",2015,Walt Disney Studios Motion Pictures,250000000.0,191271109,459005868,946012180,1405018048,22-Apr-15,"['Action', 'Adventure', 'Sci-Fi']",2 hr 21 min,PG-13,Joss Whedon,7.3
15,the super mario bros. movie,"A plumber named Mario travels through an underground labyrinth with his brother, Luigi, trying to save a captured princess.",2023,Universal Pictures,100000000.0,146361865,574934330,785829724,1360764054,22-Apr-15,"['Action', 'Adventure', 'Sci-Fi']",2 hr 21 min,PG-13,"Aaron Horvath, Michael Jelenic, Pierre Leduc",7.0
16,black panther,"T'Challa, heir to the hidden but advanced kingdom of Wakanda, must step forward to lead his people into a new future and must confront a challenger from his country's past.",2018,Walt Disney Studios Motion Pictures,200000000.0,202003951,700426566,649499517,1349926083,22-Apr-15,"['Action', 'Adventure', 'Sci-Fi']",2 hr 21 min,PG-13,Ryan Coogler,7.3
17,harry potter and the deathly hallows: part 2,"Harry, Ron, and Hermione search for Voldemort's remaining Horcruxes in their effort to destroy the Dark Lord as the final battle rages on at Hogwarts.",2011,Warner Bros.,,169189427,381447587,960912354,1342359942,22-Apr-15,"['Action', 'Adventure', 'Sci-Fi']",2 hr 21 min,PG-13,David Yates,8.1
18,star wars: episode viii - the last jedi,"The Star Wars saga continues as new heroes and galactic legends go on an epic adventure, unlocking mysteries of the Force and shocking revelations of the past.",2017,Walt Disney Studios Motion Pictures,317000000.0,220009584,620181382,714226324,1334407706,13-Dec-17,"['Action', 'Adventure', 'Fantasy', 'Sci-Fi']",2 hr 32 min,PG-13,Rian Johnson,6.9
19,jurassic world: fallen kingdom,"When the island's dormant volcano begins roaring to life, Owen and Claire mount a campaign to rescue the remaining dinosaurs from this extinction-level event.",2018,Universal Pictures,170000000.0,148024610,417719760,892746536,1310466296,6-Jun-18,"['Action', 'Adventure', 'Sci-Fi']",2 hr 8 min,PG-13,J.A. Bayona,6.1
20,frozen,"When the newly crowned Queen Elsa accidentally uses her power to turn things into ice to curse her home in infinite winter, her sister Anna teams up with a mountain man, his playful reindeer, and a snowman to change the weather condition.",2013,Walt Disney Studios Motion Pictures,150000000.0,243390,400953009,883587509,1284540518,22-Nov-13,"['Adventure', 'Animation', 'Comedy', 'Family', 'Fantasy', 'Musical']",1 hr 42 min,PG,"Chris Buck, Jennifer Lee",7.4
21,beauty and the beast,"A selfish Prince is cursed to become a monster for the rest of his life, unless he learns to fall in love with a beautiful young woman he keeps prisoner.",2017,Walt Disney Studios Motion Pictures,160000000.0,174750616,504481165,761634799,1266115964,16-Mar-17,"['Adventure', 'Family', 'Fantasy', 'Musical', 'Romance']",2 hr 9 min,PG,Bill Condon,7.1
22,incredibles 2,The Incredibles family takes on a new mission which involves a change in family roles: Bob Parr (Mr. Incredible) must manage the house while his wife Helen (Elastigirl) goes out to save the world.,2018,Walt Disney Studios Motion Pictures,200000000.0,182687905,608581744,634643923,1243225667,16-Mar-17,"['Adventure', 'Family', 'Fantasy', 'Musical', 'Romance']",2 hr 9 min,PG,Brad Bird,7.5
23,the fate of the furious,"When a mysterious woman seduces Dominic Toretto into the world of terrorism and a betrayal of those closest to him, the crew face trials that will test them as never before.",2017,Universal Pictures,250000000.0,98786705,226008385,1009996733,1236005118,12-Apr-17,"['Action', 'Crime', 'Thriller']",2 hr 16 min,PG-13,F. Gary Gray,6.6
24,iron man 3,"When Tony Stark's world is torn apart by a formidable terrorist called the Mandarin, he starts an odyssey of rebuilding and retribution.",2013,Walt Disney Studios Motion Pictures,200000000.0,174144585,409013994,806563211,1215577205,24-Apr-13,"['Action', 'Adventure', 'Sci-Fi']",2 hr 10 min,PG-13,Shane Black,7.1
25,minions,"Minions Stuart, Kevin, and Bob are recruited by Scarlet Overkill, a supervillain who, alongside her inventor husband Herb, hatches a plot to take over the world.",2015,Universal Pictures,74000000.0,115718405,336045770,823398892,1159444662,9-Apr-15,"['Adventure', 'Animation', 'Comedy', 'Crime', 'Family', 'Sci-Fi']",1 hr 31 min,PG,"Kyle Balda, Pierre Coffin",6.4
26,captain america: civil war,Political involvement in the Avengers' affairs causes a rift between Captain America and Iron Man.,2016,Walt Disney Studios Motion Pictures,250000000.0,179139142,408084349,746962067,1155046416,27-Apr-16,"['Action', 'Sci-Fi']",2 hr 27 min,PG-13,"Anthony Russo, Joe Russo",7.8
27,aquaman,"Arthur Curry, the human-born heir to the underwater kingdom of Atlantis, goes on a quest to prevent a war between the worlds of ocean and land.",2018,Warner Bros.,160000000.0,67873522,335104314,813424079,1148528393,27-Apr-16,"['Action', 'Sci-Fi']",2 hr 27 min,PG-13,James Wan,6.8
28,the lord of the rings: the return of the king,Gandalf and Aragorn lead the World of Men against Sauron's army to draw his gaze from Frodo and Sam as they approach Mount Doom with the One Ring.,2003,New Line Cinema,94000000.0,72629713,379427292,768206541,1147633833,17-Dec-03,"['Action', 'Adventure', 'Drama', 'Fantasy']",3 hr 21 min,PG-13,Peter Jackson,9.0
29,skyfall,"James Bond's loyalty to M is tested when her past comes back to haunt her. When MI6 comes under attack, 007 must track down and destroy the threat, no matter how personal the cost.",2012,Sony Pictures Entertainment (SPE),200000000.0,88364714,304360277,838111018,1142471295,25-Oct-12,"['Action', 'Adventure', 'Thriller']",2 hr 23 min,PG-13,Sam Mendes,7.8
30,spider-man: far from home,"Following the events of Avengers: Endgame, Spider-Man must step up to take on new threats in a world that has changed forever.",2019,Sony Pictures Entertainment (SPE),160000000.0,92579212,390532085,741395911,1131927996,28-Jun-19,"['Action', 'Adventure', 'Comedy', 'Sci-Fi']",2 hr 9 min,PG-13,Jon Watts,7.4
31,captain marvel,Carol Danvers becomes one of the universe's most powerful heroes when Earth is caught in the middle of a galactic war between two alien races.,2019,Walt Disney Studios Motion Pictures,160000000.0,153433423,426829839,704586607,1131416446,6-Mar-19,"['Action', 'Adventure', 'Sci-Fi']",2 hr 3 min,PG-13,"Anna Boden, Ryan Fleck",6.8
32,transformers: dark of the moon,"The Autobots learn of a Cybertronian spacecraft hidden on the moon, and race against the Decepticons to reach it and to learn its secrets.",2011,DreamWorks,195000000.0,97852865,352390543,771403536,1123794079,29-Jun-11,"['Action', 'Adventure', 'Sci-Fi']",2 hr 34 min,PG-13,Michael Bay,6.2
33,jurassic park,A pragmatic paleontologist touring an almost complete theme park on an island in Central America is tasked with protecting a couple of kids after a power failure causes the park's cloned dinosaurs to run loose.,1993,Universal Pictures,63000000.0,47026828,407185075,705953473,1113138548,11-Jun-93,"['Action', 'Adventure', 'Sci-Fi', 'Thriller']",2 hr 7 min,PG-13,Steven Spielberg,8.2
34,transformers: age of extinction,"When humanity allies with a bounty hunter in pursuit of Optimus Prime, the Autobots turn to a mechanic and his family for help.",2014,Paramount Pictures,210000000.0,100038390,245439076,858614996,1104054072,25-Jun-14,"['Action', 'Adventure', 'Sci-Fi']",2 hr 45 min,PG-13,Michael Bay,5.6
35,the dark knight rises,"Eight years after the Joker's reign of chaos, Batman is coerced out of exile with the assistance of the mysterious Selina Kyle in order to defend Gotham City from the vicious guerrilla terrorist Bane.",2012,Warner Bros.,250000000.0,160887295,448149584,633020241,1081169825,19-Jul-12,"['Action', 'Drama', 'Thriller']",2 hr 44 min,PG-13,Christopher Nolan,8.4
36,star wars: episode ix - the rise of skywalker,"In the riveting conclusion of the landmark Skywalker saga, new legends will be born-and the final battle for freedom is yet to come.",2019,Walt Disney Studios Motion Pictures,275000000.0,177383864,515202542,561819830,1077022372,18-Dec-19,"['Action', 'Adventure', 'Fantasy', 'Sci-Fi']",2 hr 21 min,PG-13,J.J. Abrams,6.4
37,joker,"During the 1980's, a failed stand-up comedian is driven insane and turns to a life of crime and chaos in Gotham City while becoming an infamous psychopathic crime figure.",2019,Warner Bros.,55000000.0,96202337,335477657,738980625,1074458282,2-Oct-19,"['Crime', 'Drama', 'Thriller']",2 hr 2 min,R,Todd Phillips,8.3
38,toy story 4,"When a new toy called ""Forky"" joins Woody and the gang, a road trip alongside old and new friends reveals how big the world can be for a toy.",2019,Walt Disney Studios Motion Pictures,200000000.0,120908065,434038008,639803386,1073841394,20-Jun-19,"['Adventure', 'Animation', 'Comedy', 'Family', 'Fantasy']",1 hr 40 min,G,Josh Cooley,7.6
39,toy story 3,"The toys are mistakenly delivered to a day-care center instead of the attic right before Andy leaves for college, and it's up to Woody to convince the other toys that they weren't abandoned and to return home.",2010,Walt Disney Studios Motion Pictures,200000000.0,110307189,415004880,652311221,1067316101,16-Jun-10,"['Adventure', 'Animation', 'Comedy', 'Family', 'Fantasy']",1 hr 43 min,G,Lee Unkrich,8.3
40,pirates of the caribbean: dead man's chest,"Jack Sparrow races to recover the heart of Davy Jones to avoid enslaving his soul to Jones' service, as other friends and foes seek the heart for their own agenda as well.",2006,Walt Disney Studios Motion Pictures,225000000.0,135634554,423315812,642863935,1066179747,6-Jul-06,"['Action', 'Adventure', 'Fantasy']",2 hr 31 min,PG-13,Gore Verbinski,7.4
41,rogue one: a star wars story,"In a time of conflict, a group of unlikely heroes band together on a mission to steal the plans to the Death Star, the Empire's ultimate weapon of destruction.",2016,Walt Disney Studios Motion Pictures,200000000.0,155081681,533539991,525142151,1058682142,14-Dec-16,"['Action', 'Adventure', 'Sci-Fi']",2 hr 13 min,PG-13,Gareth Edwards,7.8
42,aladdin,A kind-hearted street urchin and a power-hungry Grand Vizier vie for a magic lamp that has the power to make their deepest wishes come true.,2019,Walt Disney Studios Motion Pictures,183000000.0,91500929,355559216,698744784,1054304000,22-May-19,"['Adventure', 'Comedy', 'Family', 'Fantasy', 'Musical', 'Romance']",2 hr 8 min,PG,Guy Ritchie,6.9
43,pirates of the caribbean: on stranger tides,"Jack Sparrow and Barbossa embark on a quest to find the elusive fountain of youth, only to discover that Blackbeard and his daughter are after it too.",2011,Walt Disney Studios Motion Pictures,250000000.0,90151958,241071802,805649464,1046721266,18-May-11,"['Action', 'Adventure', 'Fantasy']",2 hr 17 min,PG-13,Rob Marshall,6.6
44,despicable me 3,"Gru meets his long-lost, charming, cheerful, and more successful twin brother Dru, who wants to team up with him for one last criminal heist.",2017,Universal Pictures,80000000.0,72434025,264624300,770175831,1034800131,14-Jun-17,"['Adventure', 'Animation', 'Comedy', 'Crime', 'Family', 'Sci-Fi']",1 hr 29 min,PG,"Kyle Balda, Pierre Coffin, Eric Guillon",6.3
45,finding dory,Friendly but forgetful blue tang Dory begins a search for her long-lost parents and everyone learns a few things about the real meaning of family along the way.,2016,Walt Disney Studios Motion Pictures,200000000.0,135060273,486295561,542971428,1029266989,14-Jun-17,"['Adventure', 'Animation', 'Comedy', 'Crime', 'Family', 'Sci-Fi']",1 hr 29 min,PG,"Andrew Stanton, Angus MacLane",7.2
46,star wars: episode i - the phantom menace,"Two Jedi escape a hostile blockade to find allies and come across a young boy who may bring balance to the Force, but the long dormant Sith resurface to claim their original glory.",1999,Twentieth Century Fox,115000000.0,64820970,474544677,552538030,1027082707,19-May-99,"['Action', 'Adventure', 'Fantasy', 'Sci-Fi']",2 hr 16 min,PG,George Lucas,6.5
47,zootopia,"In a city of anthropomorphic animals, a rookie bunny cop and a cynical con artist fox must work together to uncover a conspiracy.",2016,Walt Disney Studios Motion Pictures,150000000.0,75063401,341268248,684253441,1025521689,19-May-99,"['Action', 'Adventure', 'Fantasy', 'Sci-Fi']",2 hr 16 min,PG,"Byron Howard, Rich Moore, Jared Bush",8.0
48,alice in wonderland,"Nineteen-year-old Alice returns to the magical world from her childhood adventure, where she reunites with her old friends and learns of her true destiny: to end the Red Queen's reign of terror.",2010,Walt Disney Studios Motion Pictures,200000000.0,116101023,334191110,691277106,1025468216,3-Mar-10,"['Adventure', 'Family', 'Fantasy', 'Mystery']",1 hr 48 min,PG,Tim Burton,6.4
49,harry potter and the sorcerer's stone,"An orphaned boy enrolls in a school of wizardry, where he learns the truth about himself, his family and the terrible evil that haunts the magical world.",2001,Warner Bros.,125000000.0,90294621,318886962,705155727,1024042690,16-Nov-01,"['Adventure', 'Family', 'Fantasy']",2 hr 32 min,PG,Chris Columbus,7.7
50,the hobbit: an unexpected journey,"A reluctant Hobbit, Bilbo Baggins, sets out to the Lonely Mountain with a spirited group of dwarves to reclaim their mountain home, and the gold within it from the dragon Smaug.",2012,Warner Bros.,200000000.0,84617303,303030651,714000000,1017030651,16-Nov-01,"['Adventure', 'Family', 'Fantasy']",2 hr 32 min,PG,Peter Jackson,7.8
51,the dark knight,"When the menace known as the Joker wreaks havoc and chaos on the people of Gotham, Batman must accept one of the greatest psychological and physical tests of his ability to fight injustice.",2008,Warner Bros.,185000000.0,158411483,534987076,471467753,1006454829,16-Jul-08,"['Action', 'Crime', 'Drama', 'Thriller']",2 hr 32 min,PG-13,Christopher Nolan,9.0
52,jurassic world dominion,"Four years after the destruction of Isla Nublar, Biosyn operatives attempt to track down Maisie Lockwood, while Dr Ellie Sattler investigates a genetically engineered swarm of giant insects.",2022,Universal Pictures,,145075625,376851080,625127000,1001978080,16-Jul-08,"['Action', 'Crime', 'Drama', 'Thriller']",2 hr 32 min,PG-13,Colin Trevorrow,5.6
53,jumanji: welcome to the jungle,"Four teenagers are sucked into a magical video game, and the only way they can escape is to work together to finish the game.",2017,Sony Pictures Entertainment (SPE),90000000.0,36169328,404540171,590798946,995339117,20-Dec-17,"['Action', 'Adventure', 'Comedy', 'Fantasy']",1 hr 59 min,PG-13,Jake Kasdan,7.0
54,harry potter and the deathly hallows: part 1,"As Harry, Ron and Hermione race against time and evil to destroy the Horcruxes, they uncover the existence of the three most powerful objects in the wizarding world: the Deathly Hallows.",2010,Warner Bros.,,125017372,296374621,680695761,977070383,20-Dec-17,"['Action', 'Adventure', 'Comedy', 'Fantasy']",1 hr 59 min,PG-13,David Yates,7.7
55,despicable me 2,"When Gru, the world's most super-bad turned super-dad has been recruited by a team of officials to stop lethal muscle and a host of Gru's own, He has to fight back with new gadgetry, cars, and more minion madness.",2013,Universal Pictures,76000000.0,83517315,368065385,602700620,970766005,20-Jun-13,"['Adventure', 'Animation', 'Comedy', 'Crime', 'Family', 'Sci-Fi']",1 hr 38 min,PG,"Pierre Coffin, Chris Renaud",7.3
56,the lion king,"Lion prince Simba and his father are targeted by his bitter uncle, who wants to ascend the throne himself.",1994,Walt Disney Studios Motion Pictures,45000000.0,1586753,422783777,545728028,968511805,15-Jun-94,"['Adventure', 'Animation', 'Drama', 'Family', 'Musical']",1 hr 28 min,G,"Roger Allers, Rob Minkoff",8.5
57,the jungle book,"After a threat from the tiger Shere Khan forces him to flee the jungle, a man-cub named Mowgli embarks on a journey of self discovery with the help of panther Bagheera and free-spirited bear Baloo.",2016,Walt Disney Studios Motion Pictures,175000000.0,103261464,364001123,603723652,967724775,7-Apr-16,"['Adventure', 'Drama', 'Family', 'Fantasy']",1 hr 46 min,PG,Jon Favreau,7.3
58,the hobbit: the battle of the five armies,Bilbo and company are forced to engage in a war against an array of combatants and keep the Lonely Mountain from falling into the hands of a rising darkness.,2014,Warner Bros.,250000000.0,54724334,255138261,707063077,962201338,7-Apr-16,"['Adventure', 'Drama', 'Family', 'Fantasy']",1 hr 46 min,PG,Peter Jackson,7.4
59,pirates of the caribbean: at world's end,"Captain Barbossa, Will Turner and Elizabeth Swann must sail off the edge of the map, navigate treachery and betrayal, find Jack Sparrow, and make their final alliances for one last decisive battle.",2007,Walt Disney Studios Motion Pictures,300000000.0,114732820,309420425,652270784,961691209,22-May-07,"['Action', 'Adventure', 'Fantasy']",2 hr 49 min,PG-13,Gore Verbinski,7.1
60,the hobbit: the desolation of smaug,"The dwarves, along with Bilbo Baggins and Gandalf the Grey, continue their quest to reclaim Erebor, their homeland, from Smaug. Bilbo Baggins is in possession of a mysterious and magical ring.",2013,Warner Bros.,250000000.0,73645197,258387334,700640658,959027992,22-May-07,"['Action', 'Adventure', 'Fantasy']",2 hr 49 min,PG-13,Peter Jackson,7.8
61,doctor strange in the multiverse of madness,"Doctor Strange teams up with a mysterious teenage girl from his dreams who can travel across multiverses, to battle multiple threats, including other-universe versions of himself, which threaten to wipe out millions across the multiverse. They seek help from Wanda the Scarlet Witch, Wong and others.",2022,Walt Disney Studios Motion Pictures,200000000.0,187420998,411331607,544444197,955775804,22-May-07,"['Action', 'Adventure', 'Fantasy']",2 hr 49 min,PG-13,Sam Raimi,6.9
62,the lord of the rings: the two towers,"While Frodo and Sam edge closer to Mordor with the help of the shifty Gollum, the divided fellowship makes a stand against Sauron's new ally, Saruman, and his hordes of Isengard.",2002,New Line Cinema,94000000.0,62007528,342952511,604991759,947944270,18-Dec-02,"['Action', 'Adventure', 'Drama', 'Fantasy']",2 hr 59 min,PG-13,Peter Jackson,8.8
63,harry potter and the order of the phoenix,"With their warning about Lord Voldemort's return scoffed at, Harry and Dumbledore are targeted by the Wizard authorities as an authoritarian bureaucrat slowly seizes power at Hogwarts.",2007,Warner Bros.,150000000.0,77108414,292382727,649895317,942278045,11-Jul-07,"['Action', 'Adventure', 'Family', 'Fantasy', 'Mystery']",2 hr 18 min,PG-13,David Yates,7.5
64,finding nemo,"After his son is captured in the Great Barrier Reef and taken to Sydney, a timid clownfish sets out on a journey to bring him home.",2003,Walt Disney Studios Motion Pictures,94000000.0,70251710,380843261,560794699,941637960,30-May-03,"['Adventure', 'Animation', 'Comedy', 'Family']",1 hr 40 min,G,"Andrew Stanton, Lee Unkrich",8.2
65,minions: the rise of gru,The untold story of one twelve-year-old's dream to become the world's greatest supervillain.,2022,Universal Pictures,100000000.0,107010140,369695210,569933000,939628210,30-May-03,"['Adventure', 'Animation', 'Comedy', 'Family']",1 hr 40 min,G,"Kyle Balda, Brad Ableson, Jonathan del Val",6.5
66,harry potter and the half-blood prince,"As Harry Potter begins his sixth year at Hogwarts, he discovers an old book marked as ""the property of the Half-Blood Prince"" and begins to learn more about Lord Voldemort's dark past.",2009,Warner Bros.,250000000.0,77835727,302334374,632185012,934519387,15-Jul-09,"['Action', 'Adventure', 'Family', 'Fantasy', 'Mystery']",2 hr 33 min,PG,David Yates,7.6
67,shrek 2,"Shrek and Fiona travel to the Kingdom of Far Far Away, where Fiona's parents are King and Queen, to celebrate their marriage. When they arrive, they find they are not as welcome as they thought they would be.",2004,DreamWorks Distribution,150000000.0,108037878,441226247,487534523,928760770,19-May-04,"['Adventure', 'Animation', 'Comedy', 'Family', 'Fantasy', 'Romance']",1 hr 33 min,PG,"Andrew Adamson, Kelly Asbury, Conrad Vernon",7.4
68,oppenheimer,"The story of American scientist, J. Robert Oppenheimer, and his role in the development of the atomic bomb.",2023,Universal Pictures,100000000.0,82455420,321212945,604752000,925964945,19-May-04,"['Adventure', 'Animation', 'Comedy', 'Family', 'Fantasy', 'Romance']",1 hr 33 min,PG,Christopher Nolan,8.3
69,harry potter and the chamber of secrets,An ancient prophecy seems to be coming true when a mysterious presence begins stalking the corridors of a school of magic and leaving its victims paralyzed.,2002,Warner Bros.,100000000.0,88357488,262641637,663316557,925958195,14-Nov-02,"['Adventure', 'Family', 'Fantasy', 'Mystery']",2 hr 41 min,PG,Chris Columbus,7.4
70,bohemian rhapsody,"The story of the legendary British rock band Queen and lead singer Freddie Mercury, leading up to their famous performance at Live Aid.",2018,Twentieth Century Fox,52000000.0,51061119,216668042,694141269,910809311,26-Oct-18,"['Biography', 'Drama', 'Music']",2 hr 14 min,PG-13,Bryan Singer,7.9
71,the battle at lake changjin,"In the fierce battlefield in the midst of the harsh weather conditions, Wu Qian Li and Wu Wan Li, two brothers soldier including the brave Chinese soldiers must fight together and find a way to cope with the invasion of US forces.",2021,CMC Pictures,,105768,342411,902206065,902548476,26-Oct-18,"['Biography', 'Drama', 'Music']",2 hr 14 min,PG-13,"Kaige Chen, Dante Lam, Hark Tsui",5.5
72,the lord of the rings: the fellowship of the ring,A meek Hobbit from the Shire and eight companions set out on a journey to destroy the powerful One Ring and save Middle-earth from the Dark Lord Sauron.,2001,New Line Cinema,93000000.0,47211490,316115420,582089000,898204420,19-Dec-01,"['Action', 'Adventure', 'Drama', 'Fantasy']",2 hr 58 min,PG-13,Peter Jackson,8.9
73,harry potter and the goblet of fire,"Harry Potter finds himself competing in a hazardous tournament between rival schools of magic, but he is distracted by recurring nightmares.",2005,Warner Bros.,150000000.0,102685961,290469928,606345381,896815310,16-Nov-05,"['Adventure', 'Family', 'Fantasy', 'Mystery']",2 hr 37 min,PG-13,Mike Newell,7.7
74,spider-man 3,"A strange black entity from another world bonds with Peter Parker and causes inner turmoil as he contends with new villains, temptations, and revenge.",2007,Sony Pictures Entertainment (SPE),258000000.0,151116516,336530303,558453070,894983373,1-May-07,"['Action', 'Adventure', 'Sci-Fi']",2 hr 19 min,PG-13,Sam Raimi,6.3
75,the secret life of pets,"The quiet life of a terrier named Max is upended when his owner takes in Duke, a stray whom Max instantly dislikes.",2016,Universal Pictures,75000000.0,104352905,368384330,525944139,894328469,24-Jun-16,"['Adventure', 'Animation', 'Comedy', 'Family']",1 hr 27 min,PG,Chris Renaud,6.5
76,ice age: dawn of the dinosaurs,"When Sid's attempt to adopt three dinosaur eggs gets him abducted by their real mother to an underground lost world, his friends attempt to rescue him.",2009,Twentieth Century Fox,90000000.0,41690382,196573705,690113112,886686817,29-Jun-09,"['Adventure', 'Animation', 'Comedy', 'Family']",1 hr 34 min,PG,"Carlos Saldanha, Michael Thurmeier",6.9
77,spectre,"A cryptic message from James Bond's past sends him on a trail to uncover the existence of a sinister organisation named SPECTRE. With a new threat dawning, Bond learns the terrible truth about the author of all his pain in his most recent missions.",2015,Sony Pictures Entertainment (SPE),245000000.0,70403148,200074609,680630703,880705312,26-Oct-15,"['Action', 'Adventure', 'Thriller']",2 hr 28 min,PG-13,Sam Mendes,6.8
78,spider-man: homecoming,"Peter Parker balances his life as an ordinary high school student in Queens with his superhero alter-ego Spider-Man, and finds himself on the trail of a new menace prowling the skies of New York City.",2017,Sony Pictures Entertainment (SPE),175000000.0,117027503,334201140,545965784,880166924,5-Jul-17,"['Action', 'Adventure', 'Sci-Fi']",2 hr 13 min,PG-13,Jon Watts,7.4
79,ice age: continental drift,"Manny, Diego, and Sid embark upon another adventure after their continent is set adrift. Using an iceberg as a ship, they encounter sea creatures and battle pirates as they explore a new world.",2012,Twentieth Century Fox,95000000.0,46629259,161321843,715922939,877244782,27-Jun-12,"['Adventure', 'Animation', 'Comedy', 'Family']",1 hr 28 min,PG,"Steve Martino, Michael Thurmeier",6.5
80,batman v superman: dawn of justice,Batman is manipulated by Lex Luthor to fear Superman. Superman´s existence is meanwhile dividing the world and he is framed for murder during an international crisis. The heroes clash and force the neutral Wonder Woman to reemerge.,2016,Warner Bros.,250000000.0,166007347,330360194,543277334,873637528,23-Mar-16,"['Action', 'Adventure', 'Sci-Fi']",2 hr 31 min,PG-13,Zack Snyder,6.5
81,wolf warrior 2,"China's deadliest special forces operative settles into a quiet life on the sea. When sadistic mercenaries begin targeting nearby civilians, he must leave his newfound peace behind and return to his duties as a soldier and protector.",2017,The H Collective,30100000.0,219022,2721100,867604339,870325439,27-Jul-17,"['Action', 'Adventure', 'Drama', 'Thriller', 'War']",2 hr 3 min,PG-13,Jing Wu,5.9
82,star wars: episode iii - revenge of the sith,"Three years into the Clone Wars, Obi-Wan pursues a new threat, while Anakin is lured by Chancellor Palpatine into a sinister plot to rule the galaxy.",2005,Twentieth Century Fox,113000000.0,108435841,380270577,488119983,868390560,18-May-05,"['Action', 'Adventure', 'Fantasy', 'Sci-Fi']",2 hr 20 min,PG-13,George Lucas,7.6
83,the hunger games: catching fire,Katniss Everdeen and Peeta Mellark become targets of the Capitol after their victory in the 74th Hunger Games sparks a rebellion in the Districts of Panem.,2013,Lionsgate,130000000.0,158074286,424668047,440343699,865011746,15-Nov-13,"['Action', 'Adventure', 'Sci-Fi', 'Thriller']",2 hr 26 min,PG-13,Francis Lawrence,7.5
84,guardians of the galaxy vol. 2,"The Guardians struggle to keep together as a team while dealing with their personal family issues, notably Star-Lord's encounter with his father, the ambitious celestial being Ego.",2017,Walt Disney Studios Motion Pictures,200000000.0,146510104,389813101,473942950,863756051,25-Apr-17,"['Action', 'Adventure', 'Comedy', 'Sci-Fi']",2 hr 16 min,PG-13,James Gunn,7.6
85,black panther: wakanda forever,The people of Wakanda fight to protect their home from intervening world powers as they mourn the death of King T'Challa.,2022,Walt Disney Studios Motion Pictures,250000000.0,181339761,453829060,405379776,859208836,25-Apr-17,"['Action', 'Adventure', 'Comedy', 'Sci-Fi']",2 hr 16 min,PG-13,Ryan Coogler,6.6
86,inside out,"After young Riley is uprooted from her Midwest life and moved to San Francisco, her emotions - Joy, Fear, Anger, Disgust, and Sadness - conflict on how best to navigate a new city, house, and school.",2015,Walt Disney Studios Motion Pictures,175000000.0,90440272,356921711,501926308,858848019,10-Jun-15,"['Adventure', 'Animation', 'Comedy', 'Drama', 'Family', 'Fantasy']",1 hr 35 min,PG,"Pete Docter, Ronnie Del Carmen",8.1
87,venom,"A failed reporter is bonded to an alien entity, one of many symbiotes who have invaded Earth. But the being takes a liking to Earth and decides to protect it.",2018,Sony Pictures Entertainment (SPE),100000000.0,80255756,213515506,642569645,856085151,3-Oct-18,"['Action', 'Adventure', 'Sci-Fi']",1 hr 52 min,PG-13,Ruben Fleischer,6.6
88,thor: ragnarok,"Imprisoned on the planet Sakaar, Thor must race against time to return to Asgard and stop Ragnarök, the destruction of his world, at the hands of the powerful and ruthless villain Hela.",2017,Walt Disney Studios Motion Pictures,180000000.0,122744989,315058289,540243517,855301806,24-Oct-17,"['Action', 'Adventure', 'Comedy', 'Fantasy', 'Sci-Fi']",2 hr 10 min,PG-13,Taika Waititi,7.9
89,the twilight saga: breaking dawn - part 2,"After the birth of Renesmee/Nessie, the Cullens gather other vampire clans in order to protect the child from a false allegation that puts the family in front of the Volturi.",2012,Lionsgate,120000000.0,141067634,292324737,556269211,848593948,14-Nov-12,"['Adventure', 'Drama', 'Fantasy', 'Romance']",1 hr 55 min,PG-13,Bill Condon,5.6
90,guardians of the galaxy vol. 3,"Still reeling from the loss of Gamora, Peter Quill rallies his team to defend the universe and one of their own - a mission that could mean the end of the Guardians if not successful.",2023,Walt Disney Studios Motion Pictures,,118414021,358995815,486559962,845555777,14-Nov-12,"['Adventure', 'Drama', 'Fantasy', 'Romance']",1 hr 55 min,PG-13,James Gunn,7.9
91,inception,"A thief who steals corporate secrets through the use of dream-sharing technology is given the inverse task of planting an idea into the mind of a C.E.O., but his tragic past may doom the project and his team to disaster.",2010,Warner Bros.,160000000.0,62785337,292587330,546443300,839030630,15-Jul-10,"['Action', 'Adventure', 'Sci-Fi', 'Thriller']",2 hr 28 min,PG-13,Christopher Nolan,8.8
92,transformers: revenge of the fallen,"Sam Witwicky leaves the Autobots behind for a normal life. But when his mind is filled with cryptic symbols, the Decepticons target him and he is dragged back into the Transformers' war.",2009,DreamWorks,200000000.0,108966307,402111870,434191823,836303693,19-Jun-09,"['Action', 'Adventure', 'Sci-Fi']",2 hr 29 min,PG-13,Michael Bay,6.0
93,spider-man,"After being bitten by a genetically-modified spider, a shy teenager gains spider-like abilities that he uses to fight injustice as a masked superhero and face a vengeful enemy.",2002,Sony Pictures Entertainment (SPE),139000000.0,114844116,407022860,418002176,825025036,3-May-02,"['Action', 'Adventure', 'Sci-Fi']",2 hr 1 min,PG-13,Sam Raimi,7.4
94,wonder woman,"When a pilot crashes and tells of conflict in the outside world, Diana, an Amazonian warrior in training, leaves home to fight a war, discovering her full powers and true destiny.",2017,Warner Bros.,149000000.0,103251471,412845172,410009114,822854286,30-May-17,"['Action', 'Adventure', 'Fantasy', 'Sci-Fi', 'War']",2 hr 21 min,PG-13,Patty Jenkins,7.3
95,"hi, mom",A woman travels back in time to befriend her own mother in an attempt to make her life better.,2021,"February 12, 2021 (China)",149000000.0,2 hr 8 min,822009764,822009764,822854286,30-May-17,"['Action', 'Adventure', 'Fantasy', 'Sci-Fi', 'War']",2 hr 21 min,PG-13,Ling Jia,6.9
96,independence day,"The aliens are coming and their goal is to invade and destroy Earth. Fighting superior technology, mankind's best weapon is the will to survive.",1996,Twentieth Century Fox,75000000.0,50228264,306169268,511231623,817400891,3-Jul-96,"['Action', 'Adventure', 'Sci-Fi']",2 hr 25 min,PG-13,Roland Emmerich,7.0
97,coco,"Aspiring musician Miguel, confronted with his family's ancestral ban on music, enters the Land of the Dead to find his great-great-grandfather, a legendary singer.",2017,Walt Disney Studios Motion Pictures,175000000.0,50802605,210460015,603877039,814337054,3-Jul-96,"['Action', 'Adventure', 'Sci-Fi']",2 hr 25 min,PG-13,"Lee Unkrich, Adrian Molina",8.4
98,fantastic beasts and where to find them,The adventures of writer Newt Scamander in New York's secret community of witches and wizards seventy years before Harry Potter reads his book in school.,2016,Warner Bros.,180000000.0,74403387,234037575,580006426,814044001,16-Nov-16,"['Adventure', 'Family', 'Fantasy']",2 hr 12 min,PG-13,David Yates,7.2
99,shrek the third,"Reluctantly designated as the heir to the land of Far, Far Away, Shrek hatches a plan to install the rebellious Artie as the new king while Princess Fiona tries to fend off a coup d'état by the jilted Prince Charming.",2007,DreamWorks,160000000.0,121629270,322719944,490647436,813367380,17-May-07,"['Adventure', 'Animation', 'Comedy', 'Family', 'Fantasy', 'Romance']",1 hr 33 min,PG,"Chris Miller, Raman Hui",6.1
100,jumanji: the next level,"In Jumanji: The Next Level, the gang is back but the game has changed. As they return to rescue one of their own, the players will have to brave parts unknown from arid deserts to snowy mountains, to escape the world's most dangerous game.",2019,Sony Pictures Entertainment (SPE),125000000.0,59251543,320314960,481378969,801693929,4-Dec-19,"['Action', 'Adventure', 'Comedy', 'Fantasy']",2 hr 3 min,PG-13,Jake Kasdan,6.6
101,harry potter and the prisoner of azkaban,"Harry Potter, Ron and Hermione return to Hogwarts School of Witchcraft and Wizardry for their third year of study, where they delve into the mystery surrounding an escaped prisoner who poses a dangerous threat to the young wizard.",2004,Warner Bros.,130000000.0,93687367,250105651,547752679,797858331,2-Jun-04,"['Adventure', 'Family', 'Fantasy', 'Mystery']",2 hr 22 min,PG,Alfonso Cuarón,7.9
102,pirates of the caribbean: dead men tell no tales,Captain Jack Sparrow is pursued by old rival Captain Salazar and a crew of deadly ghosts who have escaped from the Devil's Triangle. They're determined to kill every pirate at sea...notably Jack.,2017,Walt Disney Studios Motion Pictures,230000000.0,62983253,172558876,623363422,795922298,24-May-17,"['Action', 'Adventure', 'Fantasy']",2 hr 9 min,PG-13,"Joachim Rønning, Espen Sandberg",6.5
103,e.t. the extra-terrestrial,A troubled child summons the courage to help a friendly alien escape from Earth and return to his home planet.,1982,Universal Pictures,10500000.0,11835389,437141279,304203888,792910554,11-Jun-82,"['Adventure', 'Family', 'Sci-Fi']",1 hr 55 min,PG,Steven Spielberg,7.9
104,mission: impossible - fallout,"Ethan Hunt and his IMF team, along with some familiar allies, race against time after a mission gone wrong.",2018,Paramount Pictures,178000000.0,61236534,220159104,571498294,791657398,25-Jul-18,"['Action', 'Adventure', 'Thriller']",2 hr 27 min,PG-13,Christopher McQuarrie,7.7
105,2012,A frustrated writer struggles to keep his family alive when a series of global catastrophes threatens to annihilate mankind.,2009,Sony Pictures Entertainment (SPE),200000000.0,65237614,166112167,625105659,791217826,11-Nov-09,"['Action', 'Adventure', 'Sci-Fi']",2 hr 38 min,PG-13,Roland Emmerich,5.8
106,indiana jones and the kingdom of the crystal skull,"In 1957, Indiana Jones becomes entangled in a Soviet plot to uncover the secret behind mysterious artifacts known as the Crystal Skulls.",2008,Paramount Pictures,185000000.0,100137835,317101119,473552823,790653942,21-May-08,"['Action', 'Adventure']",2 hr 2 min,PG-13,Steven Spielberg,6.2
107,spider-man 2,Peter Parker is beset with troubles in his failing personal life as he battles a brilliant scientist named Doctor Otto Octavius.,2004,Sony Pictures Entertainment (SPE),200000000.0,88156227,373585825,415390628,788976453,30-Jun-04,"['Action', 'Adventure', 'Sci-Fi']",2 hr 7 min,PG-13,Sam Raimi,7.5
108,fast & furious 6,"Hobbs has Dominic and Brian reassemble their crew to take down a team of mercenaries: Dominic unexpectedly gets sidetracked with facing his presumed deceased girlfriend, Letty.",2013,Universal Pictures,160000000.0,97375245,238679850,550001118,788680968,17-May-13,"['Action', 'Adventure', 'Crime', 'Thriller']",2 hr 10 min,PG-13,Justin Lin,7.0
109,deadpool 2,"Foul-mouthed mutant mercenary Wade Wilson (a.k.a. Deadpool) assembles a team of fellow mutant rogues to protect a young boy with supernatural abilities from the brutal, time-traveling cyborg Cable.",2018,Twentieth Century Fox,110000000.0,125507153,324591735,461304874,785896609,16-May-18,"['Action', 'Adventure', 'Comedy', 'Sci-Fi']",1 hr 59 min,R,David Leitch,7.6
110,deadpool,"A wisecracking mercenary gets experimented on and becomes immortal yet hideously scarred, and sets out to track down the man who ruined his looks.",2016,Twentieth Century Fox,58000000.0,132434639,363070709,419766082,782836791,9-Feb-16,"['Action', 'Comedy']",1 hr 48 min,R,Tim Miller,8.0
111,star wars: episode iv - a new hope,"Luke Skywalker joins forces with a Jedi Knight, a cocky pilot, a Wookiee and two droids to save the galaxy from the Empire's world-destroying battle station, while also attempting to rescue Princess Leia from the mysterious Darth Vader.",1977,Twentieth Century Fox,11000000.0,1554475,460998507,195751992,775398007,25-May-77,"['Action', 'Adventure', 'Fantasy', 'Sci-Fi']",2 hr 1 min,PG,George Lucas,8.6
112,no time to die,"James Bond has left active service. His peace is short-lived when Felix Leiter, an old friend from the CIA, turns up asking for help, leading Bond onto the trail of a mysterious villain armed with dangerous new technology.",2021,Metro-Goldwyn-Mayer (MGM),250000000.0,55225007,160891007,613262000,774153007,25-May-77,"['Action', 'Adventure', 'Fantasy', 'Sci-Fi']",2 hr 1 min,PG,Cary Joji Fukunaga,7.3
113,guardians of the galaxy,A group of intergalactic criminals must pull together to stop a fanatical warrior with plans to purge the universe.,2014,Walt Disney Studios Motion Pictures,170000000.0,94320883,333718600,439631547,773350147,30-Jul-14,"['Action', 'Adventure', 'Comedy', 'Sci-Fi']",2 hr 1 min,PG-13,James Gunn,8.0
114,the batman,"When a sadistic serial killer begins murdering key political figures in Gotham, Batman is forced to investigate the city's hidden corruption and question his family's involvement.",2022,Warner Bros.,200000000.0,134008624,369345583,401617000,770962583,30-Jul-14,"['Action', 'Adventure', 'Comedy', 'Sci-Fi']",2 hr 1 min,PG-13,Matt Reeves,7.8
115,thor: love and thunder,"Thor enlists the help of Valkyrie, Korg and ex-girlfriend Jane Foster to fight Gorr the God Butcher, who intends to make the gods extinct.",2022,Walt Disney Studios Motion Pictures,250000000.0,144165107,343256830,417671251,760928081,30-Jul-14,"['Action', 'Adventure', 'Comedy', 'Sci-Fi']",2 hr 1 min,PG-13,Taika Waititi,6.2
116,fast & furious presents: hobbs & shaw,Lawman Luke Hobbs and outcast Deckard Shaw form an unlikely alliance when a cyber-genetically enhanced villain threatens the future of humanity.,2019,Universal Pictures,200000000.0,60038950,173956935,586775991,760732926,1-Jul-19,"['Action', 'Adventure', 'Thriller']",2 hr 17 min,PG-13,Furkan Basaran,N/A
117,the da vinci code,"A murder inside the Louvre, and clues in Da Vinci paintings, lead to the discovery of a religious mystery protected by a secret society for two thousand years, which could shake the foundations of Christianity.",2006,Sony Pictures Entertainment (SPE),125000000.0,77073388,217536138,542470807,760006945,17-May-06,"['Mystery', 'Thriller']",2 hr 29 min,PG-13,Ron Howard,6.6
118,maleficent,"A vengeful fairy is driven to curse an infant princess, only to discover that the child could be the one person who can restore peace to their troubled land.",2014,Walt Disney Studios Motion Pictures,180000000.0,69431298,241410378,518443307,759853685,28-May-14,"['Adventure', 'Family', 'Fantasy', 'Romance']",1 hr 37 min,PG,Robert Stromberg,6.9
119,the amazing spider-man,"After Peter Parker is bitten by a genetically altered spider, he gains newfound, spider-like powers and ventures out to save the city from the machinations of a mysterious reptilian foe.",2012,Sony Pictures Entertainment (SPE),230000000.0,62004688,262030663,495900000,757930663,28-Jun-12,"['Action', 'Adventure', 'Sci-Fi']",2 hr 16 min,PG-13,Marc Webb,6.9
120,the hunger games: mockingjay - part 1,"Katniss Everdeen is in District 13 after she shatters the games forever. Under the leadership of President Coin and the advice of her trusted friends, Katniss spreads her wings as she fights to save Peeta and a nation moved by her courage.",2014,Lionsgate,125000000.0,121897634,337135885,418220826,755356711,19-Nov-14,"['Action', 'Adventure', 'Sci-Fi', 'Thriller']",2 hr 3 min,PG-13,Francis Lawrence,6.6
121,shrek forever after,Rumpelstiltskin tricks a mid-life crisis burdened Shrek into allowing himself to be erased from existence and cast in a dark alternate timeline where Rumpelstiltskin rules supreme.,2010,DreamWorks,165000000.0,70838207,238736787,513864080,752600867,20-May-10,"['Adventure', 'Animation', 'Comedy', 'Family', 'Fantasy', 'Romance']",1 hr 35 min,PG,Mike Mitchell,6.3
122,gravity,Two astronauts work together to survive after an accident leaves them stranded in space.,2013,Warner Bros.,100000000.0,55785112,274092705,473957244,748049949,3-Oct-13,"['Drama', 'Sci-Fi', 'Thriller']",1 hr 31 min,PG-13,Alfonso Cuarón,7.7
123,madagascar 3: europe's most wanted,"The Madagascar animals join a struggling European circus to get back to New York, but find themselves being pursued by a psychotic animal-control officer.",2012,DreamWorks,145000000.0,60316738,216391482,530529792,746921274,6-Jun-12,"['Adventure', 'Animation', 'Comedy', 'Family']",1 hr 35 min,PG,"Eric Darnell, Tom McGrath, Conrad Vernon",6.8
124,suicide squad,A secret government agency recruits some of the most dangerous incarcerated super-villains to form a defensive task force. Their first mission: save the world from the apocalypse.,2016,Warner Bros.,175000000.0,133682248,325100054,421746840,746846894,3-Aug-16,"['Action', 'Adventure', 'Fantasy', 'Sci-Fi']",2 hr 3 min,PG-13,David Ayer,5.9
125,x-men: days of future past,The X-Men send Wolverine to the past in a desperate effort to change history and prevent an event that results in doom for both humans and mutants.,2014,Twentieth Century Fox,200000000.0,90823660,233921534,512124166,746045700,21-May-14,"['Action', 'Adventure', 'Sci-Fi', 'Thriller']",2 hr 12 min,PG-13,Bryan Singer,7.9
126,"the chronicles of narnia: the lion, the witch and the wardrobe",Four kids travel through a wardrobe to the land of Narnia and learn of their destiny to free it with the guidance of a mystical lion.,2005,Walt Disney Studios Motion Pictures,180000000.0,65556312,291710957,453302158,745013115,7-Dec-05,"['Adventure', 'Family', 'Fantasy']",2 hr 23 min,PG,Andrew Adamson,6.9
127,monsters university,"A look at the relationship between Mike Wazowski (Billy Crystal) and James P. ""Sully"" Sullivan (John Goodman) during their days at Monsters University, when they weren't necessarily the best of friends.",2013,Walt Disney Studios Motion Pictures,200000000.0,82429469,268492764,475066881,743559645,7-Dec-05,"['Adventure', 'Family', 'Fantasy']",2 hr 23 min,PG,Dan Scanlon,7.2
128,the matrix reloaded,"Freedom fighters Neo, Trinity and Morpheus continue to lead the revolt against the Machine Army, unleashing their arsenal of extraordinary skills and weaponry against the systematic forces of repression and exploitation.",2003,Warner Bros.,150000000.0,91774413,281576461,460271476,741847937,15-May-03,"['Action', 'Sci-Fi']",2 hr 18 min,R,"Lana Wachowski, Lilly Wachowski",7.2
129,up,"78-year-old Carl Fredricksen travels to Paradise Falls in his house equipped with balloons, inadvertently taking a young stowaway.",2009,Walt Disney Studios Motion Pictures,175000000.0,68108790,293004164,442094938,735099102,28-May-09,"['Adventure', 'Animation', 'Comedy', 'Drama', 'Family']",1 hr 36 min,PG,"Pete Docter, Bob Peterson",8.3
130,ne zha,"Born with unique powers, a boy is recruited to fight demons and save the community that fears him.",2019,Well Go USA Entertainment,,1015755,3695533,722568541,726264074,28-May-09,"['Adventure', 'Animation', 'Comedy', 'Drama', 'Family']",1 hr 36 min,PG,Yu Yang,7.4
131,f9: the fast saga,Dom and the crew must take on an international terrorist who turns out to be Dom and Mia's estranged brother.,2021,Universal Pictures,200000000.0,70043165,173005945,553223556,726229501,28-May-09,"['Adventure', 'Animation', 'Comedy', 'Drama', 'Family']",1 hr 36 min,PG,Justin Lin,5.2
132,captain america: the winter soldier,"As Steve Rogers struggles to embrace his role in the modern world, he teams up with a fellow Avenger and S.H.I.E.L.D agent, Black Widow, to battle a new threat from history: an assassin known as the Winter Soldier.",2014,Walt Disney Studios Motion Pictures,170000000.0,95023721,259766572,454654931,714421503,26-Mar-14,"['Action', 'Adventure', 'Sci-Fi', 'Thriller']",2 hr 16 min,PG-13,"Anthony Russo, Joe Russo",7.7
133,the twilight saga: breaking dawn - part 1,"The Quileutes close in on expecting parents Edward and Bella, whose unborn child poses a threat to the Wolf Pack and the towns people of Forks.",2011,Summit Entertainment,110000000.0,138122261,281287133,430918723,712205856,16-Nov-11,"['Adventure', 'Drama', 'Fantasy', 'Romance', 'Thriller']",1 hr 57 min,PG-13,Bill Condon,4.9
134,the twilight saga: new moon,"Edward leaves Bella after an attack that nearly claimed her life, and, in her depression, she falls into yet another difficult relationship - this time with her close friend, Jacob Black.",2009,Summit Entertainment,50000000.0,142839137,297816253,413209228,711025481,18-Nov-09,"['Adventure', 'Drama', 'Fantasy', 'Romance']",2 hr 10 min,PG-13,Chris Weitz,4.8
135,dawn of the planet of the apes,The fragile peace between apes and humans is threatened as mistrust and betrayal threaten to plunge both tribes into a war for dominance over the Earth.,2014,Twentieth Century Fox,170000000.0,72611427,208545589,502098977,710644566,9-Jul-14,"['Action', 'Adventure', 'Drama', 'Sci-Fi', 'Thriller']",2 hr 10 min,PG-13,Matt Reeves,7.6
136,transformers,"An ancient struggle between two Cybertronian races, the heroic Autobots and the evil Decepticons, comes to Earth, with a clue to the ultimate power held by a teenager.",2007,DreamWorks,150000000.0,70502384,319246193,390463587,709709780,28-Jun-07,"['Action', 'Adventure', 'Sci-Fi']",2 hr 24 min,PG-13,Michael Bay,7.1
137,the amazing spider-man 2,"When New York is put under siege by Oscorp, it is up to Spider-Man to save the city he swore to protect as well as his loved ones.",2014,Sony Pictures Entertainment (SPE),200000000.0,91608337,202853933,506128390,708982323,28-Jun-07,"['Action', 'Adventure', 'Sci-Fi']",2 hr 24 min,PG-13,Marc Webb,6.6
138,fast x,Dom Toretto and his family are targeted by the vengeful son of drug kingpin Hernan Reyes.,2023,Universal Pictures,340000000.0,67017410,145960660,558749000,704709660,28-Jun-07,"['Action', 'Adventure', 'Sci-Fi']",2 hr 24 min,PG-13,Louis Leterrier,5.7
139,interstellar,"When Earth becomes uninhabitable in the future, a farmer and ex-NASA pilot, Joseph Cooper, is tasked to pilot a spacecraft, along with a team of researchers, to find a new planet for humans.",2014,Paramount Pictures,165000000.0,47510360,188020017,515150820,703170837,5-Nov-14,"['Adventure', 'Drama', 'Sci-Fi']",2 hr 49 min,PG-13,Christopher Nolan,8.7
140,it,"In the summer of 1989, a group of bullied kids band together to destroy a shape-shifting monster, which disguises itself as a clown and preys on the children of Derry, their small Maine town.",2017,Warner Bros.,35000000.0,123403419,328874981,372967570,701842551,6-Sep-17,['Horror'],2 hr 15 min,R,Andy Muschietti,7.3
141,the wandering earth,"As the sun is dying out, people all around the world build giant planet thrusters to move Earth out of its orbit and sail Earth to a new star system. Yet the 2500-year journey comes with unexpected dangers, and in order to save humanity, a group of young people in this age of a wandering Earth fight hard for the survival of humankind.",2019,CMC Pictures,,1685287,5971413,694021099,699992512,6-Sep-17,['Horror'],2 hr 15 min,R,Frant Gwo,5.9
142,the twilight saga: eclipse,"As a string of mysterious killings grips Seattle, Bella, whose high school graduation is fast approaching, is forced to choose between her love for vampire Edward and her friendship with werewolf Jacob.",2010,Summit Entertainment,68000000.0,64832191,300531751,397978074,698509825,30-Jun-10,"['Action', 'Adventure', 'Drama', 'Fantasy', 'Romance', 'Thriller']",2 hr 4 min,PG-13,David Slade,5.1
143,mission: impossible - ghost protocol,"The IMF is shut down when it's implicated in the bombing of the Kremlin, causing Ethan Hunt and his new team to go rogue to clear their organization's name.",2011,Paramount Pictures,145000000.0,12785204,209397903,485315477,694713380,14-Dec-11,"['Action', 'Adventure', 'Thriller']",2 hr 12 min,PG-13,Brad Bird,7.4
144,mamma mia!,The story of a bride-to-be trying to find her real father told using hit songs by the popular 1970s group ABBA.,2008,Universal Pictures,52000000.0,27751240,144169664,550308728,694478392,27-Jun-08,"['Comedy', 'Musical', 'Romance']",1 hr 48 min,PG-13,Phyllida Lloyd,6.5
145,the hunger games,Katniss Everdeen voluntarily takes her younger sister's place in the Hunger Games: a televised competition in which two teenagers from each of the twelve Districts of Panem are chosen at random to fight to the death.,2012,Lionsgate,78000000.0,152535747,408010692,286384032,694394724,8-Mar-12,"['Action', 'Adventure', 'Sci-Fi', 'Thriller']",2 hr 22 min,PG-13,Gary Ross,7.2
146,spider-man: across the spider-verse,"Miles Morales catapults across the Multiverse, where he encounters a team of Spider-People charged with protecting its very existence. When the heroes clash on how to handle a new threat, Miles must redefine what it means to be a hero.",2023,Columbia Pictures,100000000.0,120663589,381311319,308499543,689810862,8-Mar-12,"['Action', 'Adventure', 'Sci-Fi', 'Thriller']",2 hr 22 min,PG-13,"Joaquim Dos Santos, Kemp Powers, Justin K. Thompson",8.5
147,moana,"In Ancient Polynesia, when a terrible curse incurred by the Demigod Maui reaches Moana's island, she answers the Ocean's call to seek out the Demigod to set things right.",2016,Walt Disney Studios Motion Pictures,150000000.0,56631401,248757044,438471864,687228908,8-Mar-12,"['Action', 'Adventure', 'Sci-Fi', 'Thriller']",2 hr 22 min,PG-13,"Ron Clements, John Musker, Don Hall",7.6
148,detective chinatown 3,A major crime occurs in Tokyo when detectives Tang Ren and Qin Feng are invited to investigate the crime. A battle between the strongest detectives in Asia is about to break out with bursts of laughter.,2021,Warner Bros.,,February 12 2021 (China),686257563,686257563,687228908,8-Mar-12,"['Action', 'Adventure', 'Sci-Fi', 'Thriller']",2 hr 22 min,PG-13,Sicheng Chen,5.6
149,mission: impossible - rogue nation,Ethan and his team take on their most impossible mission yet when they have to eradicate an international rogue organization as highly skilled as they are and committed to destroying the IMF.,2015,Paramount Pictures,150000000.0,55520089,195042377,487674259,682716636,24-Jul-15,"['Action', 'Adventure', 'Thriller']",2 hr 11 min,PG-13,Christopher McQuarrie,7.4
150,forrest gump,"The history of the United States from the 1950s to the '70s unfolds from the perspective of an Alabama man with an IQ of 75, who yearns to be reunited with his childhood sweetheart.",1994,Paramount Pictures,55000000.0,24450602,330455270,347771195,678226465,6-Jul-94,"['Drama', 'Romance']",2 hr 22 min,PG-13,Robert Zemeckis,8.8
151,doctor strange,"While on a journey of physical and spiritual healing, a brilliant neurosurgeon is drawn into the world of the mystic arts.",2016,Walt Disney Studios Motion Pictures,165000000.0,85058311,232641920,445154156,677796076,25-Oct-16,"['Action', 'Adventure', 'Fantasy', 'Sci-Fi']",1 hr 55 min,PG-13,Scott Derrickson,7.5
152,the sixth sense,"Malcolm Crowe, a child psychologist, starts treating a young boy, Cole, who encounters dead people and convinces him to help them. In turn, Cole helps Malcolm reconcile with his estranged wife.",1999,Walt Disney Studios Motion Pictures,40000000.0,26681262,293506292,379300140,672806432,6-Aug-99,"['Drama', 'Mystery', 'Thriller']",1 hr 47 min,PG-13,M. Night Shyamalan,8.2
153,man of steel,An alien child is evacuated from his dying world and sent to Earth to live among humans. His peace is threatened when other survivors of his home planet invade Earth.,2013,Warner Bros.,225000000.0,116619362,291045518,377000000,668045518,12-Jun-13,"['Action', 'Adventure', 'Sci-Fi']",2 hr 23 min,PG-13,Zack Snyder,7.1
154,ice age: the meltdown,"Manny, Sid and Diego discover that the ice age is coming to an end, and join everybody for a journey to higher ground. On the trip, they discover that Manny is not in fact the last of the woolly mammoths.",2006,Twentieth Century Fox,80000000.0,68033544,195330621,471763885,667094506,29-Mar-06,"['Adventure', 'Animation', 'Comedy', 'Family']",1 hr 31 min,PG,Carlos Saldanha,6.8
155,kung fu panda 2,"Po and his friends fight to stop a peacock villain from conquering China with a deadly new weapon, but first the Dragon Warrior must come to terms with his past.",2011,DreamWorks,150000000.0,47656302,165249063,500443218,665692281,26-May-11,"['Action', 'Adventure', 'Animation', 'Comedy', 'Drama', 'Family', 'Fantasy']",1 hr 30 min,PG,Jennifer Yuh Nelson,7.3
156,justice league,"Fueled by his restored faith in humanity and inspired by Superman's selfless act, Bruce Wayne enlists the help of his new-found ally, Diana Prince, to face an even greater enemy.",2017,Warner Bros.,300000000.0,93842239,229024295,428902692,657926987,26-May-11,"['Action', 'Adventure', 'Animation', 'Comedy', 'Drama', 'Family', 'Fantasy']",1 hr 30 min,PG,Zack Snyder,6.1
157,big hero 6,"A special bond develops between plus-sized inflatable robot Baymax and prodigy Hiro Hamada, who together team up with a group of friends to form a band of high-tech heroes.",2014,Walt Disney Studios Motion Pictures,165000000.0,56215889,222527828,435341858,657869686,25-Oct-14,"['Action', 'Adventure', 'Animation', 'Comedy', 'Drama', 'Family', 'Fantasy', 'Sci-Fi']",1 hr 42 min,PG,"Don Hall, Chris Williams",7.8
158,fantastic beasts: the crimes of grindelwald,"The second installment of the ""Fantastic Beasts"" series featuring the adventures of Magizoologist Newt Scamander.",2018,Warner Bros.,200000000.0,62163104,159555901,495300000,654855901,12-Oct-18,"['Adventure', 'Family', 'Fantasy']",2 hr 14 min,PG-13,David Yates,6.5
159,pirates of the caribbean: the curse of the black pearl,"Blacksmith Will Turner teams up with eccentric pirate ""Captain"" Jack Sparrow to save his love, the governor's daughter, from Jack's former pirate allies, who are now undead.",2003,Walt Disney Studios Motion Pictures,140000000.0,46630690,305413918,348850097,654264015,9-Jul-03,"['Action', 'Adventure', 'Fantasy']",2 hr 23 min,PG-13,Gore Verbinski,8.1
160,men in black 3,Agent J travels in time to M.I.B.'s early days in 1969 to stop an alien from assassinating his friend Agent K and changing history.,2012,Sony Pictures Entertainment (SPE),225000000.0,54592779,179020854,475192631,654213485,23-May-12,"['Action', 'Adventure', 'Comedy', 'Sci-Fi']",1 hr 46 min,PG-13,Rick Tugman,7.9
161,star wars: episode ii - attack of the clones,"Ten years after initially meeting, Anakin Skywalker shares a forbidden romance with Padmé Amidala, while Obi-Wan Kenobi discovers a secret clone army crafted for the Jedi.",2002,Twentieth Century Fox,115000000.0,80027814,310676740,343103230,653779970,16-May-02,"['Action', 'Adventure', 'Fantasy', 'Sci-Fi']",2 hr 22 min,PG,George Lucas,6.6
162,the hunger games: mockingjay - part 2,Katniss and a team of rebels from District 13 prepare for the final battle that will decide the fate of Panem.,2015,Lionsgate,160000000.0,102665981,281723902,371704359,653428261,18-Nov-15,"['Action', 'Adventure', 'Sci-Fi', 'Thriller']",2 hr 17 min,PG-13,Francis Lawrence,6.6
163,thor: the dark world,"When the Dark Elves attempt to plunge the universe into darkness, Thor must embark on a perilous and personal journey that will reunite him with doctor Jane Foster.",2013,Walt Disney Studios Motion Pictures,170000000.0,85737841,206362140,438421000,644783140,30-Oct-13,"['Action', 'Adventure', 'Fantasy']",1 hr 52 min,PG-13,Alan Taylor,6.7
164,sing,"In a city of humanoid animals, a hustling theater impresario's attempt to save his theater with a singing competition becomes grander than he anticipates even as its finalists find that their lives will never be the same.",2016,Universal Pictures,75000000.0,35258145,270578425,363759959,634338384,2-Dec-16,"['Animation', 'Comedy', 'Family', 'Musical']",1 hr 48 min,PG,"Garth Jennings, Christophe Lourdelet",7.1
165,kung fu panda,"To everyone's surprise, including his own, Po, an overweight, clumsy panda, is chosen as protector of the Valley of Peace. His suitability will soon be tested as the valley's arch-enemy is on his way.",2008,DreamWorks,130000000.0,60239130,215771591,416311606,632083197,5-Jun-08,"['Action', 'Adventure', 'Animation', 'Comedy', 'Family', 'Fantasy']",1 hr 32 min,PG,"Mark Osborne, John Stevenson",7.6
166,the incredibles,"While trying to lead a quiet suburban life, a family of undercover superheroes are forced into action to save the world.",2004,Walt Disney Studios Motion Pictures,92000000.0,70467623,261441092,370165961,631607053,5-Nov-04,"['Action', 'Adventure', 'Animation', 'Family']",1 hr 55 min,PG,Brad Bird,8.0
167,the martian,"An astronaut becomes stranded on Mars after his team assume him dead, and must rely on his ingenuity to find a way to signal to Earth that he is alive and can survive until a potential rescue.",2015,Twentieth Century Fox,108000000.0,54308575,228433663,402187155,630620818,30-Sep-15,"['Adventure', 'Drama', 'Sci-Fi']",2 hr 24 min,PG-13,Ridley Scott,8.0
168,hancock,Hancock is a superhero whose ill-considered behavior regularly causes damage in the millions. He changes when the person he saves helps him improve his public image.,2008,Sony Pictures Entertainment (SPE),150000000.0,62603879,227946274,401497154,629443428,2-Jul-08,"['Action', 'Comedy', 'Drama', 'Fantasy']",1 hr 32 min,PG-13,Peter Berg,6.4
169,water gate bridge,"Sequel to ""The Battle at Lake Changjin"". Follows the Chinese People's Volunteers (CPV) soldiers on a new task, and now their battlefield is a crucial bridge on the retreat route of American troops.",2022,CMC Pictures,,42707,117294,626454403,626571697,2-Jul-08,"['Action', 'Comedy', 'Drama', 'Fantasy']",1 hr 32 min,PG-13,"Hark Tsui, Kaige Chen, Dante Lam",5.6
170,fast five,Dominic Toretto and his crew of street racers plan a massive heist to buy their freedom while in the sights of a powerful Brazilian drug lord and a dangerous federal agent.,2011,Universal Pictures,125000000.0,86198765,209837675,416300000,626137675,20-Apr-11,"['Action', 'Crime', 'Thriller']",2 hr 10 min,PG-13,Justin Lin,7.3
171,iron man 2,"With the world now aware of his identity as Iron Man, Tony Stark must contend with both his declining health and a vengeful mad man with ties to his father's legacy.",2010,Paramount Pictures,200000000.0,128122480,312433331,311500000,623933331,28-Apr-10,"['Action', 'Sci-Fi']",2 hr 4 min,PG-13,Jon Favreau,6.9
172,ratatouille,A rat who can cook makes an unusual alliance with a young kitchen worker at a famous Paris restaurant.,2007,Walt Disney Studios Motion Pictures,150000000.0,47027395,206445654,417280431,623726085,28-Jun-07,"['Adventure', 'Animation', 'Comedy', 'Family', 'Fantasy']",1 hr 51 min,G,"Brad Bird, Jan Pinkava",8.1
173,ant-man and the wasp,"As Scott Lang balances being both a superhero and a father, Hope van Dyne and Dr. Hank Pym present an urgent new mission that finds the Ant-Man fighting alongside The Wasp to uncover secrets from their past.",2018,Walt Disney Studios Motion Pictures,130000000.0,75812205,216648740,406025399,622674139,28-Jun-07,"['Adventure', 'Animation', 'Comedy', 'Family', 'Fantasy']",1 hr 51 min,G,Peyton Reed,7.0
174,how to train your dragon 2,"When Hiccup and Toothless discover an ice cave that is home to hundreds of new wild dragons and the mysterious Dragon Rider, the two friends find themselves at the center of a battle to protect the peace.",2014,Twentieth Century Fox,145000000.0,49451322,177002924,444534595,621537519,5-Jun-14,"['Action', 'Adventure', 'Animation', 'Comedy', 'Family', 'Fantasy']",1 hr 42 min,PG,Dean DeBlois,7.8
175,logan,"In a future where mutants are nearly extinct, an elderly and weary Logan leads a quiet life. But when Laura, a mutant child pursued by scientists, comes to him for help, he must get her to safety.",2017,Twentieth Century Fox,97000000.0,88411916,226277068,392902882,619179950,1-Mar-17,"['Action', 'Drama', 'Sci-Fi', 'Thriller']",2 hr 17 min,R,James Mangold,8.1
176,the lost world: jurassic park,"A research team is sent to the Jurassic Park Site B island to study the dinosaurs there, while an InGen team approaches with another agenda.",1997,Universal Pictures,73000000.0,72132785,229086679,389552320,618638999,23-May-97,"['Action', 'Adventure', 'Sci-Fi']",2 hr 9 min,PG-13,Steven Spielberg,6.6
177,casino royale,"After earning 00 status and a licence to kill, secret agent James Bond sets out on his first mission as 007. Bond must defeat a private banker funding terrorists in a high-stakes game of poker at Casino Royale, Montenegro.",2006,Sony Pictures Entertainment (SPE),150000000.0,40833156,167445960,449059202,616505162,15-Nov-06,"['Action', 'Adventure', 'Thriller']",2 hr 24 min,PG-13,Martin Campbell,8.0
178,the passion of the christ,"Depicts the final twelve hours in the life of Jesus of Nazareth, on the day of his crucifixion in Jerusalem.",2004,Newmarket Films,30000000.0,83848082,370782930,241271576,612054506,25-Feb-04,['Drama'],2 hr 7 min,R,Mel Gibson,7.2
179,life of pi,"A young man who survives a disaster at sea is hurtled into an epic journey of adventure and discovery. While cast away, he forms an unexpected connection with another survivor: a fearsome Bengal tiger.",2012,Twentieth Century Fox,120000000.0,22451514,124987023,484029542,609016565,21-Nov-12,"['Adventure', 'Drama', 'Fantasy']",2 hr 7 min,PG,Ang Lee,7.9
180,ready player one,"When the creator of a virtual reality called the OASIS dies, he makes a posthumous challenge to all OASIS users to find his Easter Egg, which will give the finder his fortune and control of his world.",2018,Warner Bros.,175000000.0,41764050,137715350,469558784,607274134,28-Mar-18,"['Action', 'Adventure', 'Sci-Fi']",2 hr 20 min,PG-13,Steven Spielberg,7.4
181,transformers: the last knight,"A deadly threat from Earth's history reappears and a hunt for a lost artifact takes place between Autobots and Decepticons, while Optimus Prime encounters his creator in space.",2017,Paramount Pictures,217000000.0,44680073,130168683,475256474,605425157,21-Jun-17,"['Action', 'Adventure', 'Sci-Fi']",2 hr 34 min,PG-13,Michael Bay,5.2
182,madagascar: escape 2 africa,"The Madagascar animals fly back to New York City, but crash-land on an African nature reserve in Kenya, where they meet others of their own kind, and Alex especially discovers his royal heritage as prince of a lion pride.",2008,DreamWorks,150000000.0,63106589,180010950,423889404,603900354,30-Oct-08,"['Adventure', 'Animation', 'Comedy', 'Family']",1 hr 29 min,PG,"Eric Darnell, Tom McGrath",6.6
183,war of the worlds,An alien invasion threatens the future of humanity. The catastrophic nightmare is depicted through the eyes of one American family fighting for survival.,2005,Paramount Pictures,132000000.0,64878725,234280354,369592765,603873119,29-Jun-05,"['Action', 'Adventure', 'Sci-Fi']",1 hr 56 min,PG-13,Steven Spielberg,6.5
184,tangled,"The magically long-haired Rapunzel has spent her entire life in a tower, but now that a runaway thief has stumbled upon her, she is about to discover the world for the first time, and who she really is.",2010,Walt Disney Studios Motion Pictures,260000000.0,48767052,200821936,391640880,592462816,24-Nov-10,"['Adventure', 'Animation', 'Comedy', 'Family', 'Fantasy', 'Musical', 'Romance']",1 hr 40 min,PG,"Nathan Greno, Byron Howard",7.7
185,quantum of solace,James Bond descends into mystery as he tries to stop a mysterious organisation from eliminating a country's most valuable resource.,2008,Sony Pictures Entertainment (SPE),200000000.0,67528882,168368427,421212055,589580482,31-Oct-08,"['Action', 'Adventure', 'Mystery', 'Thriller']",1 hr 46 min,PG-13,Marc Forster,6.5
186,men in black,A police officer joins a secret organization that polices and monitors extraterrestrial interactions on Earth.,1997,Sony Pictures Entertainment (SPE),90000000.0,51068455,250690539,338700000,589390539,2-Jul-97,"['Action', 'Adventure', 'Comedy', 'Sci-Fi']",1 hr 38 min,PG-13,Barry Sonnenfeld,7.3
187,the croods,"After their cave is destroyed, a caveman family must trek through an unfamiliar fantastical world with the help of an inventive boy.",2013,Twentieth Century Fox,135000000.0,43639736,187168425,400067558,587235983,15-Mar-13,"['Action', 'Adventure', 'Animation', 'Comedy', 'Family', 'Fantasy']",1 hr 38 min,PG,"Kirk DeMicco, Chris Sanders",7.1
188,the hangover part ii,"Two years after the bachelor party in Las Vegas, Phil, Stu, Alan, and Doug jet to Thailand for Stu's wedding. Stu's plan for a subdued pre-wedding brunch, however, goes seriously awry.",2011,Warner Bros.,80000000.0,85946294,254464305,332300000,586764305,25-May-11,['Comedy'],1 hr 42 min,R,Todd Phillips,6.5
189,iron man,"After being held captive in an Afghan cave, billionaire engineer Tony Stark creates a unique weaponized suit of armor to fight evil.",2008,Paramount Pictures,140000000.0,98618668,319034126,266762121,585796247,30-Apr-08,"['Action', 'Adventure', 'Sci-Fi']",2 hr 6 min,PG-13,Jon Favreau,7.9
190,i am legend,"Years after a plague kills most of humanity and transforms the rest into monsters, the sole survivor in New York City struggles valiantly to find a cure.",2007,Warner Bros.,150000000.0,77211321,256393010,329017042,585410052,12-Dec-07,"['Action', 'Drama', 'Horror', 'Sci-Fi', 'Thriller']",1 hr 41 min,PG-13,Francis Lawrence,7.2
191,"monsters, inc.","In order to power the city, monsters have to scare children so that they scream. However, the children are toxic to the monsters, and after a child gets through, two monsters realize things may not be what they think.",2001,Walt Disney Studios Motion Pictures,115000000.0,62577067,290642256,289065482,579707738,2-Nov-01,"['Adventure', 'Animation', 'Comedy', 'Family', 'Fantasy']",1 hr 32 min,G,"Pete Docter, David Silverman, Lee Unkrich",8.1
192,operation red sea,PLA Navy Marine Corps launch a hostage rescue operation in the fictional Republic of Ihwea and undergo a fierce battle with rebellions and terrorism.,2018,Well Go USA Entertainment,,436059,1543547,577786879,579330426,2-Nov-01,"['Adventure', 'Animation', 'Comedy', 'Family', 'Fantasy']",1 hr 32 min,G,Dante Lam,6.6
193,night at the museum,A newly recruited night security guard at the Museum of Natural History discovers that an ancient curse causes the animals and exhibits on display to come to life and wreak havoc.,2006,Twentieth Century Fox,110000000.0,30433781,250863268,323617961,574481229,2-Nov-01,"['Adventure', 'Animation', 'Comedy', 'Family', 'Fantasy']",1 hr 32 min,G,Shawn Levy,6.5
194,fifty shades of grey,"Literature student Anastasia Steele's life changes forever when she meets handsome, yet tormented, billionaire Christian Grey.",2015,Universal Pictures,40000000.0,85171450,166167230,403484237,569651467,11-Feb-15,"['Drama', 'Romance', 'Thriller']",2 hr 5 min,R,Sam Taylor-Johnson,4.2
195,the little mermaid,A young mermaid makes a deal with a sea witch to trade her beautiful voice for human legs so she can discover the world above water and impress a prince.,2023,Walt Disney Studios Motion Pictures,250000000.0,95578040,298172056,271420242,569592298,11-Feb-15,"['Drama', 'Romance', 'Thriller']",2 hr 5 min,R,Rob Marshall,7.2
196,mission: impossible - dead reckoning part one,Ethan Hunt and his IMF team must track down a dangerous weapon before it falls into the wrong hands.,2023,Paramount Pictures,291000000.0,54688347,172135383,395400000,567535383,8-Jul-23,"['Action', 'Adventure', 'Thriller']",2 hr 43 min,PG-13,Christopher McQuarrie,7.6
197,kong: skull island,"After the Vietnam war, a team of scientists explores an uncharted island in the Pacific, venturing into the domain of the mighty Kong and must fight to escape a primal Eden.",2017,Warner Bros.,185000000.0,61025472,168052812,398600000,566652812,8-Mar-17,"['Action', 'Adventure', 'Fantasy', 'Sci-Fi']",1 hr 58 min,PG-13,Jordan Vogt-Roberts,6.7
198,the smurfs,"When the evil wizard Gargamel chases the tiny blue Smurfs out of their village, they tumble from their magical world into New York City.",2011,Sony Pictures Entertainment (SPE),110000000.0,35611637,142614158,421135165,563749323,27-Jul-11,"['Adventure', 'Animation', 'Comedy', 'Family', 'Fantasy']",1 hr 43 min,PG,Raja Gosnell,5.4
199,cars 2,Star race car Lightning McQueen and his pal Mater head overseas to compete in the World Grand Prix race. But the road to the championship becomes rocky as Mater gets caught up in an intriguing adventure of his own: international espionage.,2011,Walt Disney Studios Motion Pictures,200000000.0,66135507,191452396,368400000,559852396,22-Jun-11,"['Adventure', 'Animation', 'Comedy', 'Crime', 'Family', 'Mystery', 'Sci-Fi', 'Sport']",1 hr 46 min,G,"John Lasseter, Bradford Lewis",6.2
200,king kong,"A greedy film producer assembles a team of moviemakers and sets out for the infamous Skull Island, where they find more than just cannibalistic natives.",2005,Universal Pictures,207000000.0,50130145,218080025,338826353,556906378,14-Dec-05,"['Action', 'Adventure', 'Romance']",3 hr 7 min,PG-13,Peter Jackson,7.2
201,puss in boots,"An outlaw cat, his childhood egg-friend, and a seductive thief kitty set out in search for the eggs of the fabled Golden Goose to clear his name, restore his lost honor, and regain the trust of his mother and town.",2011,DreamWorks,130000000.0,34077439,149260504,405726973,554987477,27-Oct-11,"['Adventure', 'Animation', 'Comedy', 'Family', 'Fantasy', 'Mystery', 'Romance']",1 hr 30 min,PG,Chris Miller,6.6
202,the mermaid,"Shan, a mermaid, is sent to assassinate Xuan, a developer who threatens the ecosystem of her race, but ends up falling in love with him instead.",2016,Sony Pictures Entertainment (SPE),,985052,3232685,550577543,553810228,27-Oct-11,"['Adventure', 'Animation', 'Comedy', 'Family', 'Fantasy', 'Mystery', 'Romance']",1 hr 30 min,PG,Stephen Chow,6.2
203,armageddon,"After discovering that an asteroid the size of Texas will impact Earth in less than a month, NASA recruits a misfit team of deep-core drillers to save the planet.",1998,Walt Disney Studios Motion Pictures,140000000.0,36089972,201578182,352131606,553709788,1-Jul-98,"['Action', 'Adventure', 'Sci-Fi', 'Thriller']",2 hr 31 min,PG-13,Michael Bay,6.7
204,the day after tomorrow,"Jack Hall, paleoclimatologist, must make a daring trek from Washington, D.C. to New York City to reach his son, trapped in the cross-hairs of a sudden international storm which plunges the planet into a new Ice Age.",2004,Twentieth Century Fox,125000000.0,68743584,186740799,365898772,552639571,26-May-04,"['Action', 'Adventure', 'Sci-Fi', 'Thriller']",2 hr 4 min,PG-13,Roland Emmerich,6.5
205,ted,"John Bennett, a man whose childhood wish of bringing his teddy bear to life came true, now must decide between keeping the relationship with the bear, Ted or his girlfriend, Lori.",2012,Universal Pictures,50000000.0,54415205,218815487,330552828,549368315,29-Jun-12,['Comedy'],1 hr 46 min,R,Seth MacFarlane,6.9
206,american sniper,"Navy S.E.A.L. sniper Chris Kyle's pinpoint accuracy saves countless lives on the battlefield and turns him into a legend. Back home with his family after four tours of duty, however, Chris finds that it is the war he can't leave behind.",2014,Warner Bros.,58800000.0,633456,350159020,197300000,547459020,25-Dec-14,"['Action', 'Biography', 'Drama', 'War']",2 hr 13 min,R,Clint Eastwood,7.3
207,mission: impossible ii,"IMF agent Ethan Hunt is sent to Sydney to find and destroy a genetically modified disease called ""Chimera"".",2000,Paramount Pictures,125000000.0,57845297,215409889,330978219,546388108,24-May-00,"['Action', 'Adventure', 'Thriller']",2 hr 3 min,PG-13,John Woo,6.1
208,detective chinatown 2,Tang and Qin team up to solve a murder in New York's Chinatown.,2018,Warner Bros.,,704047,1983984,542201172,544185156,24-May-00,"['Action', 'Adventure', 'Thriller']",2 hr 3 min,PG-13,Sicheng Chen,6.1
209,x-men: apocalypse,"In the 1980s the X-Men must defeat an ancient all-powerful mutant, En Sabah Nur, who intends to thrive through bringing destruction to the world.",2016,Twentieth Century Fox,178000000.0,65769562,155442489,388491616,543934105,18-May-16,"['Action', 'Adventure', 'Sci-Fi']",2 hr 24 min,PG-13,Bryan Singer,6.8
210,sherlock holmes: a game of shadows,"Detective Sherlock Holmes is on the trail of criminal mastermind Professor Moriarty, who is carrying out a string of random crimes across Europe.",2011,Warner Bros.,125000000.0,39637079,186848418,357000000,543848418,18-May-16,"['Action', 'Adventure', 'Sci-Fi']",2 hr 24 min,PG-13,Guy Ritchie,7.4
211,despicable me,"When a criminal mastermind uses a trio of orphan girls as pawns for a grand scheme, he finds their love is profoundly changing him for the better.",2010,Universal Pictures,69000000.0,56397125,251557985,291600000,543157985,8-Jul-10,"['Adventure', 'Animation', 'Comedy', 'Crime', 'Family', 'Sci-Fi']",1 hr 35 min,PG,"Pierre Coffin, Chris Renaud",7.6
212,cinderella,"When her father unexpectedly dies, young Ella finds herself at the mercy of her cruel stepmother and her scheming stepsisters. Never one to give up hope, Ella's fortunes begin to change after meeting a dashing stranger.",2015,Walt Disney Studios Motion Pictures,95000000.0,67877361,201151353,341206978,542358331,11-Mar-15,"['Adventure', 'Drama', 'Family', 'Fantasy', 'Romance']",1 hr 45 min,PG,Kenneth Branagh,6.9
213,madagascar,"A group of animals who have spent all their life in a New York zoo end up in the jungles of Madagascar, and must adjust to living in the wild.",2005,DreamWorks Distribution,75000000.0,47224594,193595521,348468325,542063846,11-Mar-15,"['Adventure', 'Drama', 'Family', 'Fantasy', 'Romance']",1 hr 45 min,PG,"Eric Darnell, Tom McGrath",6.9
214,world war z,Former United Nations employee Gerry Lane traverses the world in a race against time to stop a zombie pandemic that is toppling armies and governments and threatens to destroy humanity itself.,2013,Paramount Pictures,190000000.0,66411834,202807711,337648165,540455876,19-Jun-13,"['Action', 'Adventure', 'Horror', 'Sci-Fi']",1 hr 56 min,PG-13,Marc Forster,7.0
215,brave,"Determined to make her own path in life, Princess Merida defies a custom that brings chaos to her kingdom. Granted one wish, Merida must rely on her bravery and her archery skills to undo a beastly curse.",2012,Walt Disney Studios Motion Pictures,185000000.0,66323594,237283207,301700000,538983207,21-Jun-12,"['Action', 'Adventure', 'Animation', 'Comedy', 'Drama', 'Family', 'Fantasy', 'Mystery']",1 hr 33 min,PG,"Mark Andrews, Brenda Chapman, Steve Purcell",7.1
216,star wars: episode v - the empire strikes back,"After the Rebels are overpowered by the Empire, Luke Skywalker begins his Jedi training with Yoda, while his friends are pursued across the galaxy by Darth Vader and bounty hunter Boba Fett.",1980,Twentieth Century Fox,18000000.0,4910483,292753960,190685234,538375067,21-May-80,"['Action', 'Adventure', 'Fantasy', 'Sci-Fi']",2 hr 4 min,PG,Irvin Kershner,8.7
217,the simpsons movie,"After Homer pollutes the town's water supply, Springfield is encased in a gigantic dome by the EPA and the Simpsons are declared fugitives.",2007,Twentieth Century Fox,75000000.0,74036787,183135014,353279279,536414293,25-Jul-07,"['Adventure', 'Animation', 'Comedy']",1 hr 27 min,PG-13,David Silverman,7.3
218,the revenant,A frontiersman on a fur trading expedition in the 1820s fights for survival after being mauled by a bear and left for dead by members of his own hunting team.,2015,Twentieth Century Fox,135000000.0,474560,183637894,349312609,532950503,25-Dec-15,"['Action', 'Adventure', 'Drama', 'Western']",2 hr 36 min,R,Alejandro G. Iñárritu,8.0
219,the meg,A group of scientists exploring the Marianas Trench encounter the largest marine predator that has ever existed - the Megalodon.,2018,Warner Bros.,130000000.0,45402195,145522784,383815731,529338515,8-Aug-18,"['Action', 'Horror', 'Sci-Fi', 'Thriller']",1 hr 53 min,PG-13,Jon Turteltaub,5.7
220,ralph breaks the internet,"Six years after the events of ""Wreck-It Ralph,"" Ralph and Vanellope, now friends, discover a wi-fi router in their arcade, leading them into a new adventure.",2018,Walt Disney Studios Motion Pictures,175000000.0,56237634,201091711,328232251,529323962,21-Nov-18,"['Adventure', 'Animation', 'Comedy', 'Family', 'Fantasy', 'Sci-Fi']",1 hr 52 min,PG,"Phil Johnston, Rich Moore",7.0
221,hotel transylvania 3: summer vacation,"Count Dracula and company participate in a cruise for sea-loving monsters, unaware that their boat is being commandeered by the monster-hating Van Helsing family.",2018,Sony Pictures Entertainment (SPE),80000000.0,44076225,167510016,361073758,528583774,28-Jun-18,"['Adventure', 'Animation', 'Comedy', 'Family', 'Fantasy', 'Horror']",1 hr 37 min,PG,Genndy Tartakovsky,6.3
222,the boss baby,"A suit-wearing, briefcase-carrying baby pairs up with his 7-year old brother to stop the dastardly plot of the CEO of Puppy Co.",2017,Twentieth Century Fox,125000000.0,50198902,175003033,352962903,527965936,28-Jun-18,"['Adventure', 'Animation', 'Comedy', 'Family', 'Fantasy', 'Horror']",1 hr 37 min,PG,Tom McGrath,6.3
223,dunkirk,"Allied soldiers from Belgium, the British Commonwealth and Empire, and France are surrounded by the German Army and evacuated during a fierce battle in World War II.",2017,Warner Bros.,100000000.0,50513488,189740665,337275642,527016307,19-Jul-17,"['Action', 'Drama', 'History', 'Thriller', 'War']",1 hr 46 min,PG-13,Christopher Nolan,7.8
224,the grinch,A grumpy Grinch plots to ruin Christmas for the village of Whoville.,2018,Universal Pictures,75000000.0,67572855,271384731,255375901,526760632,7-Nov-18,"['Animation', 'Comedy', 'Family', 'Fantasy', 'Musical']",1 hr 25 min,PG,"Yarrow Cheney, Scott Mosier",6.4
225,godzilla,"The world is beset by the appearance of monstrous creatures, but one of them may be the only one who can save humanity.",2014,Warner Bros.,160000000.0,93188384,200676069,324300000,524976069,14-May-14,"['Action', 'Adventure', 'Sci-Fi', 'Thriller']",2 hr 3 min,PG-13,Gareth Edwards,6.4
226,how to train your dragon: the hidden world,"When Hiccup discovers Toothless isn't the only Night Fury, he must seek ""The Hidden World"", a secret Dragon Utopia before a hired tyrant named Grimmel finds it first.",2019,Universal Pictures,129000000.0,55022245,160945505,363635087,524580592,3-Jan-19,"['Action', 'Adventure', 'Animation', 'Comedy', 'Drama', 'Family', 'Fantasy']",1 hr 44 min,PG,Dean DeBlois,7.4
227,sherlock holmes,Detective Sherlock Holmes and his stalwart partner Watson engage in a battle of wits and brawn with a nemesis whose plot is a threat to all of England.,2009,Warner Bros.,90000000.0,62304277,209028679,315000000,524028679,1-Jan-09,"['Action', 'Adventure', 'Mystery']",2 hr 8 min,PG-13,Guy Ritchie,7.6
228,meet the fockers,All hell breaks loose when the Byrnes family meets the Focker family for the first time.,2004,Universal Pictures,80000000.0,46120980,279261160,243396776,522657936,22-Dec-04,"['Comedy', 'Romance']",1 hr 55 min,PG-13,Jay Roach,6.3
229,wall·e,"In the distant future, a small waste-collecting robot inadvertently embarks on a space journey that will ultimately decide the fate of mankind.",2008,Walt Disney Studios Motion Pictures,180000000.0,63087526,223808164,297503726,521311890,26-Jun-08,"['Adventure', 'Animation', 'Family', 'Sci-Fi']",1 hr 38 min,,Andrew Stanton,8.4
230,kung fu panda 3,"Continuing his ""legendary adventures of awesomeness"", Po must face two hugely epic, but different threats: one supernatural and the other a little closer to home.",2016,Twentieth Century Fox,145000000.0,41282042,143528619,377642206,521170825,28-Jan-16,"['Action', 'Adventure', 'Animation', 'Comedy', 'Family', 'Fantasy']",1 hr 35 min,PG,"Alessandro Carloni, Jennifer Yuh Nelson",7.1
231,terminator 2: judgment day,"A cyborg, identical to the one who failed to kill Sarah Connor, must now protect her ten year old son John from an even more advanced and powerful cyborg.",1991,TriStar Pictures,102000000.0,31765506,205881154,312106698,520881154,3-Jul-91,"['Action', 'Sci-Fi']",2 hr 17 min,R,James Cameron,8.6
232,ant-man,"Armed with a super-suit with the astonishing ability to shrink in scale but increase in strength, cat burglar Scott Lang must embrace his inner hero and help his mentor, Dr. Hank Pym, pull off a plan that will save the world.",2015,Walt Disney Studios Motion Pictures,130000000.0,57225526,180202163,339109802,519311965,10-Jul-15,"['Action', 'Comedy', 'Sci-Fi']",1 hr 57 min,PG-13,Peyton Reed,7.2
233,venom: let there be carnage,"Eddie Brock attempts to reignite his career by interviewing serial killer Cletus Kasady, who becomes the host of the symbiote Carnage and escapes prison after a failed execution.",2021,Sony Pictures Entertainment (SPE),110000000.0,90033210,213550366,293313226,506863592,10-Jul-15,"['Action', 'Comedy', 'Sci-Fi']",1 hr 57 min,PG-13,Andy Serkis,5.9
234,ghost,"After a young man is murdered, his spirit stays behind to warn his lover of impending danger, with the help of a reluctant psychic.",1990,Paramount Pictures,22000000.0,12191540,217631306,288072251,505703557,13-Jul-90,"['Drama', 'Fantasy', 'Romance', 'Thriller']",2 hr 7 min,,Jerry Zucker,7.1
235,aladdin,A kind-hearted street urchin and a power-hungry Grand Vizier vie for a magic lamp that has the power to make their deepest wishes come true.,1992,Walt Disney Studios Motion Pictures,28000000.0,196664,217350219,286700000,504050219,13-Nov-92,"['Adventure', 'Animation', 'Comedy', 'Family', 'Fantasy', 'Musical', 'Romance']",1 hr 30 min,,"Ron Clements, John Musker",8.0
236,gladiator,A former Roman General sets out to exact vengeance against the corrupt emperor who murdered his family and sent him into slavery.,2000,DreamWorks Distribution,103000000.0,34819017,187705427,315456886,503162313,4-May-00,"['Action', 'Adventure', 'Drama']",2 hr 35 min,R,Ridley Scott,8.5
237,rio 2,"It's a jungle out there for Blu, Jewel, and their three kids after they're hurtled from Rio de Janeiro to the wilds of the Amazon. As Blu tries to fit in, he goes beak-to-beak with the vengeful Nigel and meets his father-in-law.",2014,Twentieth Century Fox,103000000.0,39327869,131538435,367242682,498781117,20-Mar-14,"['Adventure', 'Animation', 'Comedy', 'Family', 'Music', 'Musical']",1 hr 41 min,G,Carlos Saldanha,6.3
238,troy,"An adaptation of Homer's great epic, the film follows the assault on Troy by the united Greek forces and chronicles the fates of the men involved.",2004,Warner Bros.,175000000.0,46865412,133378256,364031596,497409852,12-May-04,['Drama'],2 hr 43 min,R,Wolfgang Petersen,7.3
239,toy story 2,"When Woody is stolen by a toy collector, Buzz and his friends set out on a rescue mission to save Woody before he becomes a museum toy property with his roundup gang Jessie, Prospector, and Bullseye.",1999,Walt Disney Studios Motion Pictures,90000000.0,300163,245852179,251523202,497375381,19-Nov-99,"['Adventure', 'Animation', 'Comedy', 'Family', 'Fantasy']",1 hr 32 min,,"John Lasseter, Ash Brannon, Lee Unkrich",7.9
240,how to train your dragon,"A hapless young Viking who aspires to hunt dragons becomes the unlikely friend of a young dragon himself, and learns there may be more to the creatures than he assumed.",2010,DreamWorks,165000000.0,43732319,217581231,277298240,494879471,18-Mar-10,"['Action', 'Adventure', 'Animation', 'Comedy', 'Family', 'Fantasy']",1 hr 38 min,PG,"Dean DeBlois, Chris Sanders",8.1
241,twister,"Bill and Jo Harding, advanced storm chasers on the brink of divorce, must join together to create an advanced weather alert system by putting themselves in the cross-hairs of extremely violent tornadoes.",1996,Warner Bros.,92000000.0,41059405,241830615,252750000,494580615,10-May-96,"['Action', 'Adventure', 'Thriller']",1 hr 53 min,,Jan de Bont,6.5
242,oz the great and powerful,A small-time magician is swept away to an enchanted land and is forced into a power struggle between three witches.,2013,Walt Disney Studios Motion Pictures,215000000.0,79110453,234911825,258400000,493311825,6-Mar-13,"['Adventure', 'Family', 'Fantasy']",2 hr 10 min,PG,Sam Raimi,6.3
243,clash of the titans,"Perseus, a demigod and the son of Zeus, battles the minions of Hades and the Underworld in order to stop them from conquering Olympus and Earth.",2010,Warner Bros.,125000000.0,61235105,163214888,330000105,493214993,31-Mar-10,"['Action', 'Adventure', 'Fantasy']",1 hr 46 min,PG-13,Louis Leterrier,5.8
244,maleficent: mistress of evil,"Maleficent and her goddaughter Aurora begin to question the complex family ties that bind them as they are pulled in different directions by impending nuptials, unexpected allies, and dark new forces at play.",2019,Walt Disney Studios Motion Pictures,185000000.0,36948713,113929605,377800484,491730089,16-Oct-19,"['Adventure', 'Family', 'Fantasy', 'Romance']",1 hr 59 min,PG,Joachim Rønning,6.6
245,war for the planet of the apes,"After the apes suffer unimaginable losses, Caesar wrestles with his darker instincts and begins his own mythic quest to avenge his kind.",2017,Twentieth Century Fox,150000000.0,56262929,146880162,343839601,490719763,11-Jul-17,"['Action', 'Adventure', 'Drama', 'Sci-Fi', 'Thriller']",2 hr 20 min,PG-13,Matt Reeves,7.4
246,shrek,"A mean lord exiles fairytale creatures to the swamp of a grumpy ogre, who must go on a quest and rescue a princess for the lord in order to get his land back.",2001,DreamWorks Distribution,60000000.0,42347760,268163011,220278357,488441368,16-May-01,"['Adventure', 'Animation', 'Comedy', 'Family', 'Fantasy', 'Romance']",1 hr 30 min,PG,"Andrew Adamson, Vicky Jenson",7.9
247,mr. & mrs. smith,A bored married couple is surprised to learn that they are both assassins hired by competing agencies to kill each other.,2005,Twentieth Century Fox,110000000.0,50342878,186336279,300951367,487287646,8-Jun-05,"['Action', 'Comedy', 'Crime', 'Thriller']",2 hr,PG-13,Doug Liman,6.5
248,elemental,"Follows Ember and Wade, in a city where fire-, water-, earth- and air-residents live together.",2023,Walt Disney Studios Motion Pictures,200000000.0,29602429,154409516,332388472,486797988,8-Jun-05,"['Action', 'Comedy', 'Crime', 'Thriller']",2 hr,PG-13,Peter Sohn,7.0
249,angels & demons,Harvard symbologist Robert Langdon works with a nuclear physicist to solve a murder and prevent a terrorist act against the Vatican during one of the significant events within the church.,2009,Sony Pictures Entertainment (SPE),150000000.0,46204168,133375846,352554970,485930816,13-May-09,"['Action', 'Mystery', 'Thriller']",2 hr 18 min,PG-13,"Josh Martinez, Joshua Martinez",8.4
250,teenage mutant ninja turtles,"When a kingpin threatens New York City, a group of mutated turtle warriors must emerge from the shadows to protect their home.",2014,Paramount Pictures,125000000.0,65575105,191204754,293800000,485004754,7-Aug-14,"['Action', 'Adventure', 'Comedy', 'Sci-Fi']",1 hr 41 min,PG-13,Jonathan Liebesman,5.8
251,bruce almighty,A whiny news reporter is given the chance to step into God's shoes.,2003,Universal Pictures,81000000.0,67953330,242829261,241763613,484592874,23-May-03,"['Comedy', 'Fantasy']",1 hr 41 min,PG-13,Tom Shadyac,6.8
252,the king's speech,"The story of King George VI, his unexpected ascension to the throne of the British Empire in 1936, and the speech therapist who helped the unsure monarch overcome his stammer.",2010,The Weinstein Company,15000000.0,355450,138797449,345271412,484068861,26-Nov-10,"['Biography', 'Drama', 'History']",1 hr 58 min,R,Tom Hooper,8.0
253,rio,"When Blu, a domesticated macaw from small-town Minnesota, meets the fiercely independent Jewel, he takes off on an adventure to Rio de Janeiro with the bird of his dreams.",2011,Twentieth Century Fox,90000000.0,39225962,143619809,340246963,483866772,4-Apr-11,"['Adventure', 'Animation', 'Comedy', 'Family', 'Music', 'Musical']",1 hr 36 min,PG,Carlos Saldanha,6.9
254,saving private ryan,"Following the Normandy Landings, a group of U.S. soldiers go behind enemy lines to retrieve a paratrooper whose brothers have been killed in action.",1998,DreamWorks Distribution,70000000.0,30576104,217049603,265300000,482349603,24-Jul-98,"['Drama', 'War']",2 hr 49 min,R,Steven Spielberg,8.6
255,rise of the planet of the apes,A substance designed to help the brain repair itself gives advanced intelligence to a chimpanzee who leads an ape uprising.,2011,Twentieth Century Fox,93000000.0,54806191,176760185,305040688,481800873,3-Aug-11,"['Action', 'Drama', 'Sci-Fi', 'Thriller']",1 hr 45 min,PG-13,Rupert Wyatt,7.6
256,puss in boots: the last wish,"When Puss in Boots discovers that his passion for adventure has taken its toll and he has burned through eight of his nine lives, he launches an epic journey to restore them by finding the mythical Last Wish.",2022,Universal Pictures,110000000.0,12429515,185535345,295510492,481045837,3-Aug-11,"['Action', 'Drama', 'Sci-Fi', 'Thriller']",1 hr 45 min,PG-13,"Joel Crawford, Januel Mercado",7.8
257,home alone,"An eight-year-old troublemaker, mistakenly left home alone, must defend his home against a pair of burglars on Christmas eve.",1990,Twentieth Century Fox,18000000.0,17081997,285761243,190923432,476684675,16-Nov-90,"['Comedy', 'Family']",1 hr 43 min,,Chris Columbus,7.7
258,jaws,"When a killer shark unleashes chaos on a beach community off Cape Cod, it's up to a local sheriff, a marine biologist, and an old seafarer to hunt the beast down.",1975,Universal Pictures,7000000.0,7061513,265859065,210653000,476512065,20-Jun-75,"['Adventure', 'Mystery', 'Thriller']",2 hr 4 min,,Steven Spielberg,8.1
259,ant-man and the wasp: quantumania,"Scott Lang and Hope Van Dyne are dragged into the Quantum Realm, along with Hope's parents and Scott's daughter Cassie. Together they must find a way to escape, but what secrets is Hope's mother hiding? And who is the mysterious Kang?",2023,Walt Disney Studios Motion Pictures,200000000.0,106109650,214504909,261566271,476071180,20-Jun-75,"['Adventure', 'Mystery', 'Thriller']",2 hr 4 min,,Peyton Reed,6.0
260,hotel transylvania 2,"Dracula and his friends try to bring out the monster in his half human, half vampire grandson in order to keep Mavis from leaving the hotel.",2015,Sony Pictures Entertainment (SPE),80000000.0,48464322,169700110,305486596,475186706,21-Sep-15,"['Adventure', 'Animation', 'Comedy', 'Family', 'Fantasy', 'Horror']",1 hr 29 min,PG,Genndy Tartakovsky,6.6
261,star wars: episode vi - return of the jedi,"After rescuing Han Solo from Jabba the Hutt, the Rebels attempt to destroy the second Death Star, while Luke struggles to help Darth Vader back from the dark side.",1983,Twentieth Century Fox,32500000.0,23019618,316566101,122009457,475106177,25-May-83,"['Action', 'Adventure', 'Fantasy', 'Sci-Fi']",2 hr 11 min,PG,Richard Marquand,8.3
262,charlie and the chocolate factory,"A young boy wins a tour through the most magnificent chocolate factory in the world, led by the world's most unusual candy maker.",2005,Warner Bros.,150000000.0,56178450,206459076,268509687,474968763,14-Jul-05,"['Adventure', 'Comedy', 'Family', 'Fantasy', 'Musical']",1 hr 55 min,PG,Tim Burton,6.7
263,indiana jones and the last crusade,"In 1938, after his father goes missing while pursuing the Holy Grail, Indiana Jones finds himself up against the Nazis again to stop them from obtaining its powers.",1989,Paramount Pictures,48000000.0,29355021,197171806,277000000,474171806,24-May-89,"['Action', 'Adventure']",2 hr 7 min,PG-13,Steven Spielberg,8.2
264,san andreas,"In the aftermath of a massive earthquake in California, a rescue-chopper pilot makes a dangerous journey with his ex-wife across the state in order to rescue his daughter.",2015,Warner Bros.,110000000.0,54588173,155190832,318818322,474009154,22-May-15,"['Action', 'Adventure', 'Thriller']",1 hr 54 min,PG-13,Brad Peyton,6.1
265,it chapter two,"Twenty-seven years after their first encounter with the terrifying Pennywise, the Losers Club have grown up and moved away, until a devastating phone call brings them back.",2019,Warner Bros.,79000000.0,91062152,211622525,261500000,473122525,4-Sep-19,"['Drama', 'Fantasy', 'Horror']",2 hr 49 min,R,Andy Muschietti,6.5
266,la la land,"While navigating their careers in Los Angeles, a pianist and an actress fall in love while attempting to reconcile their aspirations for the future.",2016,Lionsgate,30000000.0,881104,151101803,320875533,471977336,8-Dec-16,"['Comedy', 'Drama', 'Music', 'Musical', 'Romance']",2 hr 8 min,PG-13,Damien Chazelle,8.0
267,wreck-it ralph,"A video game villain wants to be a hero and sets out to fulfill his dream, but his quest brings havoc to the whole arcade where he lives.",2012,Walt Disney Studios Motion Pictures,165000000.0,49038712,189422889,281800000,471222889,1-Nov-12,"['Adventure', 'Animation', 'Comedy', 'Family', 'Fantasy', 'Sci-Fi']",1 hr 41 min,PG,Rich Moore,7.7
268,godzilla vs. kong,The epic next chapter in the cinematic Monsterverse pits two of the greatest icons in motion picture history against each other--the fearsome Godzilla and the mighty Kong--with humanity caught in the balance.,2021,Warner Bros.,155000000.0,31625971,100916094,369200000,470116094,1-Nov-12,"['Adventure', 'Animation', 'Comedy', 'Family', 'Fantasy', 'Sci-Fi']",1 hr 41 min,PG,Adam Wingard,6.3
269,the hangover,"Three buddies wake up from a bachelor party in Las Vegas, with no memory of the previous night and the bachelor missing. They make their way around the city in order to find their friend before his wedding.",2009,Warner Bros.,35000000.0,44979319,277339746,191988333,469328079,5-Jun-09,['Comedy'],1 hr 40 min,R,Todd Phillips,7.7
270,lucy,"A woman, accidentally caught in a dark deal, turns the tables on her captors and transforms into a merciless warrior evolved beyond human logic.",2014,Universal Pictures,40000000.0,43899340,126663600,342394974,469058574,25-Jul-14,"['Action', 'Sci-Fi', 'Thriller']",1 hr 29 min,R,Luc Besson,6.4
271,the lego movie,"An ordinary LEGO construction worker, thought to be the prophesied as ""special"", is recruited to join a quest to stop an evil tyrant from gluing the LEGO universe into eternal stasis.",2014,Warner Bros.,60000000.0,69050279,257966122,210300000,468266122,6-Feb-14,"['Action', 'Adventure', 'Animation', 'Comedy', 'Family', 'Fantasy', 'Sci-Fi']",1 hr 40 min,PG,"Phil Lord, Christopher Miller",7.7
272,bumblebee,"On the run in the year 1987, Bumblebee finds refuge in a junkyard in a small California beach town. On the cusp of turning 18 and trying to find her place in the world, Charlie Watson discovers Bumblebee, battle-scarred and broken.",2018,Paramount Pictures,135000000.0,21654047,127195589,340794056,467989645,19-Dec-18,"['Action', 'Adventure', 'Sci-Fi']",1 hr 54 min,PG-13,Travis Knight,6.7
273,star trek into darkness,"After the crew of the Enterprise find an unstoppable force of terror from within their own organization, Captain Kirk leads a manhunt to a war-zone world to capture a one-man weapon of mass destruction.",2013,Paramount Pictures,190000000.0,70165559,228778661,238586585,467365246,8-May-13,"['Action', 'Adventure', 'Sci-Fi']",2 hr 12 min,PG-13,J.J. Abrams,7.7
274,the matrix,"When a beautiful stranger leads computer hacker Neo to a forbidding underworld, he discovers the shocking truth--the life he knows is the elaborate deception of an evil cyber-intelligence.",1999,Warner Bros.,63000000.0,27788331,172076928,295145800,467222728,31-Mar-99,"['Action', 'Sci-Fi']",2 hr 16 min,R,"Lana Wachowski, Lilly Wachowski",8.7
275,pretty woman,"A man in a legal but hurtful business needs an escort for some social events, and hires a beautiful prostitute he meets... only to fall in love.",1990,Walt Disney Studios Motion Pictures,14000000.0,11280591,178406268,285000000,463406268,23-Mar-90,"['Comedy', 'Romance']",1 hr 59 min,R,Garry Marshall,7.1
276,cars,"On the way to the biggest race of his life, a hotshot rookie race car gets stranded in a rundown town and learns that winning isn't everything in life.",2006,Walt Disney Studios Motion Pictures,120000000.0,60119509,244082982,217908885,461991867,8-Jun-06,"['Adventure', 'Animation', 'Comedy', 'Family', 'Sport']",1 hr 57 min,,"John Lasseter, Joe Ranft",7.3
277,the eight hundred,"From the acclaimed filmmaker behind Mr. Six comes a riveting war epic. In 1937, 800 Chinese soldiers fight under siege from a warehouse in the middle of the Shanghai battlefield, completely surrounded by the Japanese army.",2020,CMC Pictures,,118161,372755,461048804,461421559,8-Jun-06,"['Adventure', 'Animation', 'Comedy', 'Family', 'Sport']",1 hr 57 min,,Guan Hu,6.7
278,x-men: the last stand,"The human government develops a cure for mutations, and Jean Gray becomes a darker uncontrollable persona called the Phoenix who allies with Magneto, causing escalation into an all-out battle for the X-Men.",2006,Twentieth Century Fox,210000000.0,102750665,234362462,226072829,460435291,24-May-06,"['Action', 'Adventure', 'Sci-Fi']",1 hr 44 min,PG-13,Brett Ratner,6.6
279,moon man,"After being left unexpectedly on the moon, an asteroid destroys the earth, leaving Duguyue being the last person in existence.",2022,"September 1, 2022 (New Zealand)",210000000.0,2 hr 2 min,460237662,460237662,460435291,24-May-06,"['Action', 'Adventure', 'Sci-Fi']",1 hr 44 min,PG-13,Chiyu Zhang,6.4
280,national treasure: book of secrets,Benjamin Gates must follow a clue left in John Wilkes Booth's diary to prove his ancestor's innocence in the assassination of Abraham Lincoln.,2007,Walt Disney Studios Motion Pictures,,44783772,219964115,239278134,459242249,24-May-06,"['Action', 'Adventure', 'Sci-Fi']",1 hr 44 min,PG-13,Jon Turteltaub,6.5
281,mission: impossible,"An American agent, under false suspicion of disloyalty, must discover and expose the real spy without the help of his organization.",1996,Paramount Pictures,80000000.0,45436830,180981856,276714535,457696391,22-May-96,"['Action', 'Adventure', 'Thriller']",1 hr 50 min,PG-13,Brian De Palma,7.2
282,300,King Leonidas of Sparta and a force of 300 men fight the Persians at Thermopylae in 480 B.C.,2006,Warner Bros.,65000000.0,70885301,210629101,245453242,456082343,7-Mar-07,"['Action', 'Drama']",1 hr 57 min,R,Zack Snyder,7.6
283,the last samurai,An American military advisor embraces the Samurai culture he was hired to destroy after he is captured in battle.,2003,Warner Bros.,140000000.0,24271354,111127263,343500000,454627263,5-Dec-03,"['Action', 'Drama']",2 hr 34 min,R,Edward Zwick,7.8
284,demon slayer the movie: mugen train,"After his family was brutally murdered and his sister turned into a demon, Tanjiro Kamado's journey as a demon slayer began. Tanjiro and his comrades embark on a new mission aboard the Mugen Train, on track to despair.",2020,FUNimation Entertainment,,21234994,49505008,403705951,453210959,5-Dec-03,"['Action', 'Drama']",2 hr 34 min,R,,
285,dying to survive,The story of how a small drugstore owner became the exclusive selling agent of a cheap Indian generic drug against Chronic Granulocytic Leukemia in China.,2018,"July 5, 2018 (China)",,1 hr 57 min,6752,451176639,451183391,5-Dec-03,"['Action', 'Drama']",2 hr 34 min,R,Muye Wen,7.8
286,ocean's eleven,Danny Ocean and his ten accomplices plan to rob three Las Vegas casinos simultaneously.,2001,Warner Bros.,85000000.0,38107822,183417150,267300000,450717150,7-Dec-01,"['Crime', 'Thriller']",1 hr 56 min,PG-13,Steven Soderbergh,7.7
287,"my people, my country","An anthology film consist of 7 short stories directed by several different directors, which are based on 7 moments since the founding of People's Republic of China.",2019,CMC Pictures,,876001,2356683,447708310,450064993,7-Dec-01,"['Crime', 'Thriller']",1 hr 56 min,PG-13,"Kaige Chen, Guan Hu, Hao Ning",6.3
288,pokémon: detective pikachu,"In a world where people collect Pokémon to do battle, a boy comes across an intelligent talking Pikachu who seeks to be a detective.",2019,Warner Bros.,150000000.0,54365242,144174568,305588070,449762638,3-May-19,"['Action', 'Adventure', 'Comedy', 'Family', 'Mystery', 'Sci-Fi']",1 hr 44 min,PG,Rob Letterman,6.5
289,thor,"The powerful but arrogant god Thor is cast out of Asgard to live amongst humans in Midgard (Earth), where he soon becomes one of their finest defenders.",2011,Paramount Pictures,150000000.0,65723338,181030624,268295994,449326618,21-Apr-11,"['Action', 'Fantasy']",1 hr 55 min,PG-13,Kenneth Branagh,7.0
290,pearl harbor,A tale of war and romance mixed in with history. The story follows two lifelong friends and a beautiful nurse who are caught up in the horror of an infamous Sunday morning in 1941.,2001,Walt Disney Studios Motion Pictures,140000000.0,59078912,198542554,250678391,449220945,25-May-01,"['Action', 'Drama', 'History', 'Romance', 'War']",3 hr 3 min,PG-13,Michael Bay,6.2
291,tarzan,A man raised by gorillas must decide where he really belongs when he discovers he is a human.,1999,Walt Disney Studios Motion Pictures,130000000.0,34221968,171091819,277100000,448191819,16-Jun-99,"['Adventure', 'Animation', 'Comedy', 'Drama', 'Family', 'Music']",1 hr 28 min,G,"Chris Buck, Kevin Lima",7.3
292,men in black ii,Agent Jay is sent to find Agent Kay and restore his memory after the re-appearance of a case from Kay's past.,2002,Sony Pictures Entertainment (SPE),140000000.0,52148751,193735288,251400000,445135288,3-Jul-02,"['Action', 'Adventure', 'Comedy', 'Mystery', 'Sci-Fi']",1 hr 28 min,PG-13,Barry Sonnenfeld,6.2
293,the bourne ultimatum,Jason Bourne dodges a ruthless C.I.A. official and his Agents from a new assassination program while searching for the origins of his life as a trained killer.,2007,Universal Pictures,110000000.0,69283690,227471070,216628965,444100035,3-Aug-07,"['Action', 'Mystery', 'Thriller']",1 hr 55 min,PG-13,Paul Greengrass,8.0
294,the mummy returns,"The mummified body of Imhotep is shipped to a museum in London, where he once again wakes and begins his campaign of rage and terror.",2001,Universal Pictures,98000000.0,68139035,202019785,241261119,443280904,4-May-01,"['Action', 'Adventure', 'Fantasy', 'Thriller']",2 hr 10 min,PG-13,Stephen Sommers,6.4
295,alvin and the chipmunks: the squeakquel,"The world-famous singing preteen chipmunk trio return to contend with the pressures of school, celebrity, and a rival female music group known as The Chipettes.",2009,Twentieth Century Fox,75000000.0,48875415,219614612,223525393,443140005,21-Dec-09,"['Adventure', 'Animation', 'Comedy', 'Drama', 'Family', 'Fantasy', 'Music', 'Musical']",1 hr 28 min,PG,Betty Thomas,4.6
296,les misérables,"In 19th-century France, Jean Valjean, who for decades has been hunted by the ruthless policeman Javert after breaking parole, agrees to care for a factory worker's daughter. The decision changes their lives forever.",2012,Universal Pictures,61000000.0,27281735,148809770,293489539,442299309,19-Dec-12,"['Drama', 'Musical', 'Romance']",2 hr 38 min,PG-13,Tom Hooper,7.5
297,the exorcist,"When a young girl is possessed by a mysterious entity, her mother seeks the help of two priests to save her daughter.",1973,Warner Bros.,,11000000,233005644,136017945,441306145,19-Dec-12,"['Drama', 'Musical', 'Romance']",2 hr 38 min,PG-13,William Friedkin,8.1
298,mrs. doubtfire,"After a bitter divorce, an actor disguises himself as a female housekeeper to spend time with his children held in custody by his former wife.",1993,Twentieth Century Fox,25000000.0,20468847,219195243,222090952,441286195,24-Nov-93,"['Comedy', 'Drama']",2 hr 5 min,PG-13,,
299,terminator genisys,"When John Connor, leader of the human resistance, sends Sgt. Kyle Reese back to 1984 to protect Sarah Connor and safeguard the future, an unexpected turn of events creates a fractured timeline.",2015,Paramount Pictures,155000000.0,27018486,89760956,350842581,440603537,25-Jun-15,"['Action', 'Adventure', 'Sci-Fi', 'Thriller']",2 hr 6 min,PG-13,Alan Taylor,6.3
300,warcraft,"As an Orc horde invades the planet Azeroth using a magic portal, a few human heroes and dissenting Orcs must attempt to stop the true evil behind this war.",2016,Universal Pictures,160000000.0,24166110,47365290,391683624,439048914,25-May-16,"['Action', 'Adventure', 'Fantasy']",2 hr 3 min,PG-13,Duncan Jones,6.7
301,transformers: rise of the beasts,"During the '90s, a new faction of Transformers - the Maximals - join the Autobots as allies in the battle for Earth.",2023,Paramount Pictures,195000000.0,61045464,157066392,281900000,438966392,25-May-16,"['Action', 'Adventure', 'Fantasy']",2 hr 3 min,PG-13,Steven Caple Jr.,6.0
302,a star is born,A musician helps a young singer find fame as age and alcoholism send his own career into a downward spiral.,2018,Warner Bros.,36000000.0,42908051,215333122,220900000,436233122,3-Oct-18,"['Drama', 'Music', 'Romance']",2 hr 16 min,R,Bradley Cooper,7.6
303,the greatest showman,Celebrates the birth of show business and tells of a visionary who rose from nothing to create a spectacle that became a worldwide sensation.,2017,Twentieth Century Fox,84000000.0,8805843,174340174,261392355,435732529,15-Dec-17,"['Biography', 'Drama', 'Musical']",1 hr 45 min,PG,Michael Gracey,7.5
304,terminator 3: rise of the machines,A machine from a post-apocalyptic future travels back in time to protect a man and a woman from an advanced robotic assassin to ensure they both survive a nuclear attack.,2003,Warner Bros.,200000000.0,44041440,150371112,283000000,433371112,2-Jul-03,"['Action', 'Sci-Fi']",1 hr 49 min,R,Jonathan Mostow,6.3
305,shang-chi and the legend of the ten rings,"Shang-Chi, the master of weaponry-based Kung Fu, is forced to confront his past after being drawn into the Ten Rings organization.",2021,Walt Disney Studios Motion Pictures,150000000.0,75388688,224543292,207700000,432243292,2-Jul-03,"['Action', 'Sci-Fi']",1 hr 49 min,R,Destin Daniel Cretton,7.3
306,die another day,"James Bond is sent to investigate the connection between a North Korean terrorist and a diamond mogul, who is funding the development of an international space weapon.",2002,Metro-Goldwyn-Mayer (MGM),142000000.0,47072040,160942139,271028977,431971116,20-Nov-02,"['Action', 'Adventure', 'Thriller']",2 hr 13 min,PG-13,Lee Tamahori,6.1
307,the secret life of pets 2,"Continuing the story of Max and his pet friends, following their secret lives after their owners leave them for work or school each day.",2019,Universal Pictures,80000000.0,46652680,158874395,272184209,431058604,24-May-19,"['Adventure', 'Animation', 'Comedy', 'Family']",1 hr 26 min,PG,"Chris Renaud, Jonathan del Val",6.4
308,cast away,A FedEx executive undergoes a physical and emotional transformation after crash landing on a deserted island.,2000,Twentieth Century Fox,90000000.0,28883406,233632142,196000000,429632142,22-Dec-00,"['Adventure', 'Drama', 'Romance']",2 hr 23 min,PG-13,Robert Zemeckis,7.8
309,rampage,"When three different animals become infected with a dangerous pathogen, a primatologist and a geneticist team up to stop them from destroying Chicago.",2018,Warner Bros.,120000000.0,35753093,101028233,327000000,428028233,11-Apr-18,"['Action', 'Adventure', 'Sci-Fi']",1 hr 47 min,PG-13,Brad Peyton,6.1
310,the matrix revolutions,The human city of Zion defends itself against the massive invasion of the machines as Neo fights to end the war at another front while also opposing the rogue Agent Smith.,2003,Warner Bros.,150000000.0,48475154,139313948,288030377,427344325,5-Nov-03,"['Action', 'Sci-Fi']",2 hr 9 min,R,"Lana Wachowski, Lilly Wachowski",6.7
311,the intouchables,"After he becomes a quadriplegic from a paragliding accident, an aristocrat hires a young man from the projects to be his caregiver.",2011,The Weinstein Company,,103507,10198820,416389690,426588510,5-Nov-03,"['Action', 'Sci-Fi']",2 hr 9 min,R,"Olivier Nakache, Éric Toledano",8.5
312,john wick: chapter 4,"John Wick uncovers a path to defeating The High Table. But before he can earn his freedom, Wick must face off against a new enemy with powerful alliances across the globe and forces that turn old friends into foes.",2023,Lionsgate,100000000.0,73817950,187131806,239400091,426531897,5-Nov-03,"['Action', 'Sci-Fi']",2 hr 9 min,R,Chad Stahelski,7.6
313,bad boys for life,Miami detectives Mike Lowrey and Marcus Burnett must face off against a mother-and-son pair of drug lords who wreak vengeful havoc on their city.,2020,Sony Pictures Entertainment (SPE),90000000.0,62504105,206305244,220200000,426505244,15-Jan-20,"['Action', 'Comedy', 'Crime', 'Thriller']",2 hr 4 min,R,"Adil El Arbi, Bilall Fallah",6.5
314,django unchained,"With the help of a German bounty-hunter, a freed slave sets out to rescue his wife from a brutal plantation owner in Mississippi.",2012,The Weinstein Company,100000000.0,30122888,162805434,263268939,426074373,25-Dec-12,"['Drama', 'Western']",2 hr 45 min,R,Quentin Tarantino,8.5
315,beauty and the beast,A prince cursed to spend his days as a hideous monster sets out to regain his humanity by earning a young woman's love.,1991,Walt Disney Studios Motion Pictures,25000000.0,162146,218967620,186043788,424967620,15-Nov-91,"['Animation', 'Family', 'Fantasy', 'Musical', 'Romance']",1 hr 24 min,,"Gary Trousdale, Kirk Wise",8.0
316,dances with wolves,"Lieutenant John Dunbar, assigned to a remote western Civil War outpost, finds himself engaging with a neighbouring Sioux settlement, causing him to question his own purpose.",1990,Orion Pictures,22000000.0,598257,184208848,240000000,424208848,9-Nov-90,"['Adventure', 'Drama', 'Western']",3 hr 1 min,,Kevin Costner,8.0
317,"my people, my homeland","In different parts of rural China, various people explore what makes their communities unique.",2020,"October 1, 2020 (China)",22000000.0,2 hr 33 min,422390820,422390820,424208848,9-Nov-90,"['Adventure', 'Drama', 'Western']",3 hr 1 min,,"Hao Ning, Sicheng Chen, Chao Deng",6.4
318,the chronicles of narnia: prince caspian,"The Pevensie siblings return to Narnia, where they are enlisted to once again help ward off an evil king and restore the rightful heir to the land's throne, Prince Caspian.",2008,Walt Disney Studios Motion Pictures,225000000.0,55034805,141621490,278044078,419665568,15-May-08,"['Action', 'Adventure', 'Family', 'Fantasy']",2 hr 30 min,PG,Andrew Adamson,6.5
319,sex and the city,A New York City writer on sex and love is finally getting married to her Mr. Big. But her three best girlfriends must console her after one of them inadvertently leads Mr. Big to jilt her.,2008,Warner Bros.,65000000.0,57038404,152647258,266118261,418765519,28-May-08,"['Comedy', 'Drama', 'Romance']",2 hr 25 min,R,Michael Patrick King,5.7
320,the captain,"When the windshield of his commercial airplane shatters at 30,000 feet in the air, a pilot and his flight crew work to ensure the safety of the passengers and land the plane.",2019,Well Go USA Entertainment,,324769,706572,416575449,417282021,28-May-08,"['Comedy', 'Drama', 'Romance']",2 hr 25 min,R,Wai Keung Lau,6.2
321,the mummy,"At an archaeological dig in the ancient city of Hamunaptra, an American serving in the French Foreign Legion accidentally awakens a mummy who begins to wreak havoc as he searches for the reincarnation of his long-lost love.",1999,Universal Pictures,80000000.0,43369635,155385488,260547918,415933406,7-May-99,"['Action', 'Adventure', 'Fantasy']",2 hr 4 min,PG-13,Stephen Sommers,7.1
322,the chronicles of narnia: the voyage of the dawn treader,"Lucy and Edmund Pevensie return to Narnia with their cousin Eustace where they meet up with Prince Caspian for a trip across the sea aboard the royal ship The Dawn Treader. Along the way they encounter dragons, dwarves, merfolk, and a band of lost warriors before reaching the edge of the world.",2010,Twentieth Century Fox,155000000.0,24005069,104386950,311299267,415686217,2-Dec-10,"['Adventure', 'Family', 'Fantasy']",1 hr 53 min,PG,Michael Apted,6.3
323,jason bourne,The CIA's most dangerous former operative is drawn out of hiding to uncover more explosive truths about his past.,2016,Universal Pictures,120000000.0,59215365,162434410,253050504,415484914,27-Jul-16,"['Action', 'Thriller']",2 hr 3 min,PG-13,Paul Greengrass,6.6
324,the wolverine,"Wolverine comes to Japan to meet an old friend whose life he saved years ago, and gets embroiled in a conspiracy involving yakuza and mutants.",2013,Twentieth Century Fox,120000000.0,53113752,132556852,282271394,414828246,24-Jul-13,"['Action', 'Sci-Fi']",2 hr 6 min,PG-13,James Mangold,6.7
325,kingsman: the secret service,"A spy organisation recruits a promising street kid into the agency's training program, while a global threat emerges from a twisted tech genius.",2014,Twentieth Century Fox,81000000.0,36206331,128261724,286089822,414351546,30-Jan-15,"['Action', 'Adventure', 'Comedy', 'Thriller']",2 hr 9 min,R,Matthew Vaughn,7.7
326,night at the museum: battle of the smithsonian,"Security guard Larry Daley infiltrates the Smithsonian Institution in order to rescue Jedediah and Octavius, who have been shipped to the museum by mistake.",2009,Twentieth Century Fox,150000000.0,54173286,177243721,235862449,413106170,20-May-09,"['Adventure', 'Comedy', 'Family', 'Fantasy']",1 hr 45 min,PG,Shawn Levy,6.0
327,batman,"The Dark Knight of Gotham City begins his war on crime with his first major enemy being Jack Napier, a criminal who becomes the clownishly homicidal Joker.",1989,Warner Bros.,35000000.0,40489746,251409241,160160000,411569241,23-Jun-89,"['Action', 'Adventure']",2 hr 6 min,,Tim Burton,7.5
328,the bodyguard,"A former Secret Service agent takes on the job of bodyguard to an R&B singer, whose lifestyle is most unlike a President's.",1992,Warner Bros.,,16611793,122046449,289000000,411046449,23-Jun-89,"['Action', 'Adventure']",2 hr 6 min,,Mick Jackson,6.4
329,pacific rim,"As a war between humankind and monstrous sea creatures wages on, a former pilot and a trainee are paired up to drive a seemingly obsolete special weapon in a desperate effort to save the world from the apocalypse.",2013,Warner Bros.,190000000.0,37285325,101802906,309200000,411002906,11-Jul-13,"['Action', 'Adventure', 'Sci-Fi']",2 hr 11 min,PG-13,Guillermo del Toro,6.9
330,kingsman: the golden circle,"After the Kingsman's headquarters is destroyed and the world is held hostage, an allied spy organization in the United States is discovered. These two elite secret agencies must band together to defeat a common enemy.",2017,Twentieth Century Fox,104000000.0,39023010,100234838,310667824,410902662,20-Sep-17,"['Action', 'Adventure', 'Comedy', 'Crime', 'Thriller']",2 hr 21 min,R,Matthew Vaughn,6.7
331,the mummy,"An ancient Egyptian princess is awakened from her crypt beneath the desert, bringing with her malevolence grown over millennia, and terrors that defy human comprehension.",2017,Universal Pictures,125000000.0,31688375,80227895,329003712,409231607,6-Jun-17,"['Action', 'Adventure', 'Fantasy', 'Horror', 'Thriller']",1 hr 51 min,PG-13,Alex Kurtzman,5.4
332,ice age: collision course,"When Scrat's acorn sends an asteroid to Earth, the Herd must find a way to stop the asteroid from hitting Earth with the help of a returning friend.",2016,Twentieth Century Fox,105000000.0,21373064,64063008,344691967,408754975,30-Jun-16,"['Adventure', 'Animation', 'Comedy', 'Family', 'Sci-Fi']",1 hr 34 min,PG,"Michael Thurmeier, Galen T. Chu",5.7
333,twilight,"When Bella Swan moves to a small town in the Pacific Northwest, she falls in love with Edward Cullen, a mysterious classmate who reveals himself to be a 108-year-old vampire.",2008,Summit Entertainment,37000000.0,69637740,193962473,214467942,408430415,20-Nov-08,"['Drama', 'Fantasy', 'Romance']",2 hr 2 min,PG-13,Catherine Hardwicke,5.3
334,sing 2,Buster Moon and his friends must persuade reclusive rock star Clay Calloway to join them for the opening of a new show.,2021,Universal Pictures,85000000.0,22326230,162790990,245611151,408402141,20-Nov-08,"['Drama', 'Fantasy', 'Romance']",2 hr 2 min,PG-13,"Garth Jennings, Christophe Lourdelet",7.3
335,signs,"A widowed former reverend living with his children and brother on a Pennsylvania farm finds mysterious crop circles in their fields, which suggests something more frightening to come.",2002,Walt Disney Studios Motion Pictures,72000000.0,60117080,227966634,180281283,408247917,2-Aug-02,"['Drama', 'Mystery', 'Sci-Fi', 'Thriller']",1 hr 46 min,PG-13,M. Night Shyamalan,6.8
336,x2,"When anti-mutant Colonel William Stryker kidnaps Professor X and attacks his school, the X-Men must ally with their archenemy Magneto to stop him.",2003,Twentieth Century Fox,110000000.0,85558731,214949694,192761855,407711549,30-Apr-03,"['Action', 'Sci-Fi', 'Thriller']",2 hr 14 min,PG-13,Bryan Singer,7.4
337,fantastic beasts: the secrets of dumbledore,Professor Albus Dumbledore must assist Newt Scamander and his partners as Grindelwald begins to lead an army to eliminate all Muggles.,2022,Warner Bros.,200000000.0,42151256,95850844,311300000,407150844,30-Apr-03,"['Action', 'Sci-Fi', 'Thriller']",2 hr 14 min,PG-13,David Yates,6.2
338,uncharted,"Street-smart Nathan Drake is recruited by seasoned treasure hunter Victor ""Sully"" Sullivan to recover a fortune amassed by Ferdinand Magellan, and lost 500 years ago by the House of Moncada.",2022,Sony Pictures Entertainment (SPE),120000000.0,44010155,148648820,258492438,407141258,30-Apr-03,"['Action', 'Sci-Fi', 'Thriller']",2 hr 14 min,PG-13,Ruben Fleischer,6.3
339,the wolf of wall street,"Based on the true story of Jordan Belfort, from his rise to a wealthy stock-broker living the high life to his fall involving crime, corruption and the federal government.",2013,Paramount Pictures,100000000.0,18361578,116900694,289977539,406878233,25-Dec-13,"['Biography', 'Comedy', 'Crime', 'Drama']",3 hr,R,Martin Scorsese,8.2
340,sonic the hedgehog 2,"When the manic Dr. Robotnik returns to Earth with a new ally, Knuckles the Echidna, Sonic and his new friend Tails is all that stands in their way.",2022,Paramount Pictures,90000000.0,72105176,190872904,214548614,405421518,25-Dec-13,"['Biography', 'Comedy', 'Crime', 'Drama']",3 hr,R,Jeff Fowler,6.5
341,alita: battle angel,"A deactivated cyborg's revived, but can't remember anything of her past and goes on a quest to find out who she is.",2019,Twentieth Century Fox,170000000.0,28525613,85838210,319142333,404980543,5-Feb-19,"['Action', 'Adventure', 'Sci-Fi', 'Thriller']",2 hr 2 min,PG-13,Robert Rodriguez,7.3
342,the mummy: tomb of the dragon emperor,"In the Far East, Alex O'Connell, the son of famed mummy fighters Rick and Evy O'Connell, unearths the mummy of the first Emperor of Qin -- a shape-shifting entity cursed by a witch centuries ago.",2008,Universal Pictures,145000000.0,40457770,102491776,300958054,403449830,30-Jul-08,"['Action', 'Adventure', 'Fantasy', 'Horror']",1 hr 52 min,PG-13,Rob Cohen,5.2
343,prometheus,"Following clues to the origin of mankind, a team finds a structure on a distant moon, but they soon realize they are not alone.",2012,Twentieth Century Fox,130000000.0,51050101,126477084,276877385,403354469,30-May-12,"['Adventure', 'Mystery', 'Sci-Fi']",2 hr 4 min,R,Ridley Scott,7.0
344,gone with the wind,A sheltered and manipulative Southern belle and a roguish profiteer face off in a turbulent romance as the society around them crumbles with the end of slavery and is rebuilt during the Civil War and Reconstruction periods.,1939,Metro-Goldwyn-Mayer (MGM),130000000.0,December 15 1939 (Domestic),200882193,201500000,402382193,30-May-12,"['Adventure', 'Mystery', 'Sci-Fi']",2 hr 4 min,R,Victor Fleming,8.2
345,mamma mia! here we go again,"Five years after the events of Mamma Mia!, Sophie prepares for the grand reopening of the Hotel Bella Donna as she learns more about her mother's past.",2018,Universal Pictures,75000000.0,34952180,120634935,281629908,402264843,18-Jul-18,"['Comedy', 'Musical', 'Romance']",1 hr 54 min,PG-13,Ol Parker,6.6
346,eternals,"The saga of the Eternals, a race of immortal beings who lived on Earth and shaped its history and civilizations.",2021,Walt Disney Studios Motion Pictures,200000000.0,71297219,164870234,237194665,402064899,18-Jul-18,"['Comedy', 'Musical', 'Romance']",1 hr 54 min,PG-13,Chloé Zhao,6.3
347,dune,A noble family becomes embroiled in a war for control over the galaxy's most valuable asset while its heir becomes troubled by visions of a dark future.,2021,Warner Bros.,165000000.0,41011174,108327830,293700000,402027830,18-Jul-18,"['Comedy', 'Musical', 'Romance']",1 hr 54 min,PG-13,Denis Villeneuve,8.0
348,tron: legacy,The son of a virtual world designer goes looking for his father and ends up inside the digital world that his father designed. He meets his father's corrupted creation and a unique ally who was born inside the digital world.,2010,Walt Disney Studios Motion Pictures,170000000.0,44026211,172062763,228001089,400063852,16-Dec-10,"['Action', 'Adventure', 'Sci-Fi']",2 hr 5 min,PG,Joseph Kosinski,6.8
349,mission: impossible iii,IMF agent Ethan Hunt comes into conflict with a dangerous and sadistic arms dealer who threatens his life and his fiancée in response.,2006,Paramount Pictures,150000000.0,47743273,134029801,264449696,398479497,3-May-06,"['Action', 'Adventure', 'Thriller']",2 hr 6 min,PG-13,J.J. Abrams,6.9
350,snow white and the huntsman,"In a twist to the fairy tale, the Huntsman ordered to take Snow White into the woods to be killed winds up becoming her protector and mentor in a quest to vanquish the Evil Queen.",2012,Universal Pictures,170000000.0,56217700,155332381,241260448,396592829,30-May-12,"['Action', 'Adventure', 'Drama', 'Fantasy']",2 hr 7 min,PG-13,Rupert Sanders,6.1
351,grease,"Good girl Sandy Olsson and greaser Danny Zuko fell in love over the summer. When they unexpectedly discover they're now in the same high school, will they be able to rekindle their romance?",1978,Paramount Pictures,6000000.0,8941717,190071103,206200000,396271103,16-Jun-78,"['Comedy', 'Musical', 'Romance']",1 hr 50 min,PG,Randal Kleiser,7.2
352,toy story,A cowboy doll is profoundly threatened and jealous when a new spaceman action figure supplants him as top toy in a boy's bedroom.,1995,Walt Disney Studios Motion Pictures,,29140617,223225679,171210907,394436586,16-Jun-78,"['Comedy', 'Musical', 'Romance']",1 hr 50 min,PG,John Lasseter,8.3
353,black adam,"Nearly 5,000 years after he was bestowed with the almighty powers of the Egyptian gods--and imprisoned just as quickly--Black Adam is freed from his earthly tomb, ready to unleash his unique form of justice on the modern world.",2022,Warner Bros.,200000000.0,67004323,168152111,225100000,393252111,16-Jun-78,"['Comedy', 'Musical', 'Romance']",1 hr 50 min,PG,Jaume Collet-Serra,6.2
354,solo: a star wars story,"Board the Millennium Falcon and journey to a galaxy far, far away in an epic action-adventure that will set the course of one of the Star Wars saga's most unlikely heroes.",2018,Walt Disney Studios Motion Pictures,275000000.0,84420489,213767512,179157295,392924807,23-May-18,"['Action', 'Adventure', 'Sci-Fi']",2 hr 15 min,PG-13,Ron Howard,6.9
355,superman returns,"Superman returns to Earth after spending five years in space examining his homeworld Krypton. But he finds things have changed while he was gone, and he must once again prove himself important to the world.",2006,Warner Bros.,270000000.0,52535096,200081192,191000000,391081192,28-Jun-06,"['Action', 'Adventure', 'Sci-Fi']",2 hr 34 min,PG-13,Bryan Singer,6.1
356,meg 2: the trench,"A research team encounters multiple threats while exploring the depths of the ocean, including a malevolent mining operation.",2023,Warner Bros.,129000000.0,30002735,81893895,308900000,390793895,28-Jun-06,"['Action', 'Adventure', 'Sci-Fi']",2 hr 34 min,PG-13,Ben Wheatley,5.0
357,robin hood: prince of thieves,Robin Hood decides to fight back as an outlaw when faced with the tyranny of the Sheriff of Nottingham.,1991,Warner Bros.,48000000.0,25625602,165493908,225000000,390493908,14-Jun-91,"['Action', 'Adventure', 'Drama', 'Romance']",2 hr 23 min,,Kevin Reynolds,6.9
358,raiders of the lost ark,"In 1936, archaeologist and adventurer Indiana Jones is hired by the U.S. government to find the Ark of the Covenant before the Nazis can obtain its awesome powers.",1981,Paramount Pictures,18000000.0,8305823,248159971,141766000,389925971,12-Jun-81,"['Action', 'Adventure']",1 hr 55 min,PG,Steven Spielberg,8.4
359,independence day: resurgence,"Two decades after the first Independence Day invasion, Earth is faced with a new extra-Solar threat. But will mankind's new space defenses be enough?",2016,Twentieth Century Fox,165000000.0,41039944,103144286,286537649,389681935,22-Jun-16,"['Action', 'Adventure', 'Sci-Fi']",2 hr,PG-13,Roland Emmerich,5.2
360,live free or die hard,John McClane and a young hacker join forces to take down master cyber-terrorist Thomas Gabriel in Washington D.C.,2007,Twentieth Century Fox,110000000.0,33369559,134529403,253626608,388156011,26-Jun-07,"['Action', 'Thriller']",2 hr 8 min,PG-13,Len Wiseman,7.1
361,monster hunt,"Human and monsters have lived in their separate worlds, but after the birth of Wuba, the last of the monster kings, begins the adventure to bring the two races together.",2015,FilmRise,,21074,32766,387020740,387053506,26-Jun-07,"['Action', 'Thriller']",2 hr 8 min,PG-13,Raman Hui,6.1
362,godzilla: king of the monsters,"The crypto-zoological agency Monarch faces off against a battery of god-sized monsters, including the mighty Godzilla, who collides with Mothra, Rodan, and his ultimate nemesis, the three-headed King Ghidorah.",2019,Warner Bros.,170000000.0,47776293,110500138,276100000,386600138,29-May-19,"['Action', 'Adventure', 'Fantasy', 'Sci-Fi']",2 hr 12 min,PG-13,Michael Dougherty,6.0
363,home,"An alien on the run from his own people makes friends with a girl. He tries to help her on her quest, but can be an interference.",2015,Twentieth Century Fox,135000000.0,52107731,177397510,208644097,386041607,19-Mar-15,"['Adventure', 'Animation', 'Comedy', 'Family', 'Fantasy', 'Sci-Fi']",1 hr 34 min,PG,Tim Johnson,6.5
364,star trek,The brash James T. Kirk tries to live up to his father's legacy with Mr. Spock keeping him in check as a vengeful Romulan from the future creates black holes to destroy the Federation one planet at a time.,2009,Paramount Pictures,150000000.0,75204289,257730019,127950427,385680446,6-May-09,"['Action', 'Adventure', 'Sci-Fi']",2 hr 7 min,PG-13,J.J. Abrams,7.9
365,1917,"April 6th, 1917. As an infantry battalion assembles to wage war deep in enemy territory, two soldiers are assigned to race against time and deliver a message that will stop 1,600 men from walking straight into a deadly trap.",2019,Universal Pictures,95000000.0,576216,159227644,225351828,384579472,25-Dec-19,"['Action', 'Drama', 'War']",1 hr 59 min,R,Sam Mendes,8.2
366,happy feet,"Into the world of the Emperor Penguins, who find their soul mates through song, a penguin is born who cannot sing. But he can tap dance something fierce!",2006,Warner Bros.,100000000.0,41533432,198000317,186335791,384336108,17-Nov-06,"['Adventure', 'Animation', 'Comedy', 'Family', 'Music', 'Musical', 'Romance']",1 hr 48 min,PG,"George Miller, Warren Coleman, Judy Morris",6.4
367,spider-man: into the spider-verse,Teen Miles Morales becomes the Spider-Man of his universe and must join with five spider-powered individuals from other dimensions to stop a threat for all realities.,2018,Sony Pictures Entertainment (SPE),90000000.0,35363376,190241310,194057426,384298736,12-Dec-18,"['Action', 'Adventure', 'Animation', 'Comedy', 'Family', 'Fantasy', 'Sci-Fi']",1 hr 57 min,PG,"Bob Persichetti, Peter Ramsey, Rodney Rothman",8.4
368,cars 3,Lightning McQueen sets out to prove to a new generation of racers that he's still the best race car in the world.,2017,Walt Disney Studios Motion Pictures,175000000.0,53688680,152901115,231029541,383930656,12-Dec-18,"['Action', 'Adventure', 'Animation', 'Comedy', 'Family', 'Fantasy', 'Sci-Fi']",1 hr 57 min,PG,Brian Fee,6.7
369,back to the future,"Marty McFly, a 17-year-old high school student, is accidentally sent 30 years into the past in a time-traveling DeLorean invented by his close friend, the maverick scientist Doc Brown.",1985,Universal Pictures,19000000.0,11152500,212836762,170500000,383336762,3-Jul-85,"['Adventure', 'Comedy', 'Sci-Fi']",1 hr 56 min,,Robert Zemeckis,8.5
370,ice age,"The story revolves around sub-zero heroes: a woolly mammoth, a saber-toothed tiger, a sloth and a prehistoric combination of a squirrel and rat, known as Scrat.",2002,Twentieth Century Fox,59000000.0,46312454,176387405,206869731,383257136,14-Mar-02,"['Adventure', 'Animation', 'Comedy', 'Family']",1 hr 21 min,PG,"Chris Wedge, Carlos Saldanha",7.5
371,indiana jones and the dial of destiny,Archaeologist Indiana Jones races against time to retrieve a legendary artifact that can change the course of history.,2023,Walt Disney Studios Motion Pictures,300000000.0,60368101,174480468,208410636,382891104,14-Mar-02,"['Adventure', 'Animation', 'Comedy', 'Family']",1 hr 21 min,PG,James Mangold,6.5
372,your name.,"Two teenagers share a profound, magical connection upon discovering they are swapping bodies. Things manage to become even more complicated when the boy and girl decide to meet in person.",2016,FUNimation Entertainment,,1813781,5017246,377220935,382238181,14-Mar-02,"['Adventure', 'Animation', 'Comedy', 'Family']",1 hr 21 min,PG,Makoto Shinkai,8.4
373,fifty shades darker,"While Christian wrestles with his inner demons, Anastasia must confront the anger and envy of the women who came before her.",2017,Universal Pictures,55000000.0,46607250,114581250,266964596,381545846,8-Feb-17,"['Drama', 'Romance', 'Thriller']",1 hr 58 min,R,James Foley,4.6
374,monsters vs. aliens,A woman transformed into a giant after she is struck by a meteorite on her wedding day becomes part of a team of monsters sent in by the U.S. government to defeat an alien mastermind trying to take over Earth.,2009,DreamWorks,175000000.0,59321095,198351526,183158344,381509870,19-Mar-09,"['Action', 'Adventure', 'Animation', 'Comedy', 'Family', 'Fantasy', 'Sci-Fi']",1 hr 34 min,PG,"Rob Letterman, Conrad Vernon",6.4
375,mad max: fury road,"In a post-apocalyptic wasteland, a woman rebels against a tyrannical ruler in search for her homeland with the aid of a group of female prisoners, a psychotic worshiper and a drifter named Max.",2015,Warner Bros.,150000000.0,45428128,154280290,225800000,380080290,7-May-15,"['Action', 'Adventure', 'Sci-Fi', 'Thriller']",2 hr,R,George Miller,8.1
376,black widow,Natasha Romanoff confronts the darker parts of her ledger when a dangerous conspiracy with ties to her past arises.,2021,Walt Disney Studios Motion Pictures,200000000.0,80366312,183651655,196100000,379751655,7-May-15,"['Action', 'Adventure', 'Sci-Fi', 'Thriller']",2 hr,R,Cate Shortland,6.6
377,godzilla,French nuclear tests irradiate an iguana into a giant monster that heads off to New York City. The American military must chase the monster across the city to stop it before it reproduces.,1998,Sony Pictures Entertainment (SPE),130000000.0,44047541,136314294,242700000,379014294,20-May-98,"['Action', 'Sci-Fi', 'Thriller']",2 hr 19 min,PG-13,Roland Emmerich,5.5
378,true lies,"A fearless, globe-trotting, terrorist-battling secret agent has his life turned upside down when he discovers his wife might be having an affair with a used-car salesman while terrorists smuggle nuclear war heads into the United States.",1994,Twentieth Century Fox,115000000.0,25869770,146282411,232600000,378882411,15-Jul-94,"['Action', 'Comedy', 'Thriller']",2 hr 21 min,R,James Cameron,7.3
379,slumdog millionaire,"A Mumbai teenager reflects on his life after being accused of cheating on the Indian version of ""Who Wants to be a Millionaire?"".",2008,Fox Searchlight,15000000.0,360018,141319928,237090614,378410542,12-Nov-08,"['Crime', 'Drama', 'Romance']",2 hr,R,"Danny Boyle, Loveleen Tandan",8.0
380,once upon a time in hollywood,A faded television actor and his stunt double strive to achieve fame and success in the final years of Hollywood's Golden Age in 1969 Los Angeles.,2019,Sony Pictures Entertainment (SPE),90000000.0,41082018,142502728,235114870,377617598,25-Jul-19,"['Comedy', 'Drama']",2 hr 41 min,R,N/A,N/A
381,taken 2,"In Istanbul, retired CIA operative Bryan Mills and his wife are taken hostage by the father of a kidnapper Mills killed while rescuing his daughter.",2012,Twentieth Century Fox,45000000.0,49514769,139854287,236298168,376152455,27-Sep-12,"['Action', 'Crime', 'Thriller']",1 hr 32 min,PG-13,Olivier Megaton,6.2
382,g.i. joe: retaliation,The G.I. Joes are not only fighting their mortal enemy Cobra; they are forced to contend with threats from within the government that jeopardize their very existence.,2013,Paramount Pictures,130000000.0,40501814,122523060,253217645,375740705,27-Mar-13,"['Action', 'Adventure', 'Sci-Fi', 'Thriller']",1 hr 50 min,PG-13,Jon M. Chu,5.7
383,shark tale,"When a son of a gangster shark boss is accidentally killed while on the hunt, his would-be prey and his vegetarian brother decide to use the incident to their own advantage.",2004,DreamWorks Distribution,75000000.0,47604606,160861908,213721971,374583879,23-Sep-04,"['Adventure', 'Animation', 'Comedy', 'Family', 'Thriller']",1 hr 30 min,PG,"Bibo Bergeron, Vicky Jenson, Rob Letterman",6.0
384,what women want,"A cocky, chauvinistic advertising executive magically acquires the ability to hear what women are thinking.",2000,Paramount Pictures,70000000.0,33614543,182811707,191300000,374111707,15-Dec-00,"['Comedy', 'Fantasy', 'Romance']",2 hr 7 min,PG-13,Nancy Meyers,6.5
385,the adventures of tintin,Intrepid reporter Tintin and Captain Haddock set off on a treasure hunt for a sunken ship commanded by Haddock's ancestor.,2011,Paramount Pictures,130000000.0,9720993,77591831,296402120,373993951,15-Dec-00,"['Comedy', 'Fantasy', 'Romance']",2 hr 7 min,PG-13,Steven Spielberg,7.3
386,batman begins,"After witnessing his parents' death, Bruce learns the art of fighting to confront injustice. When he returns to Gotham as Batman, he must stop a secret society that intends to destroy the city.",2005,Warner Bros.,150000000.0,48745440,206863479,166809514,373672993,15-Jun-05,"['Action', 'Crime', 'Drama']",2 hr 20 min,PG-13,Christopher Nolan,8.2
387,penguins of madagascar,"Skipper, Kowalski, Rico and Private join forces with undercover organization The North Wind to stop the villainous Dr. Octavius Brine from destroying the world as we know it.",2014,Twentieth Century Fox,132000000.0,25447444,83850911,289664710,373515621,14-Nov-14,"['Action', 'Adventure', 'Animation', 'Comedy', 'Crime', 'Family', 'Sci-Fi']",1 hr 32 min,PG,"Eric Darnell, Simon J. Smith",6.6
388,x-men origins: wolverine,"The early years of James Logan, featuring his rivalry with his brother Victor Creed, his service in the special forces team Weapon X, and his experimentation into the metal-lined mutant Wolverine.",2009,Twentieth Century Fox,150000000.0,85058003,179883157,193179707,373062864,29-Apr-09,"['Action', 'Sci-Fi']",1 hr 47 min,PG-13,Gavin Hood,6.5
389,the golden compass,"In a parallel universe, young Lyra Belacqua journeys to the far North to save her best friend and other kidnapped children from terrible experiments by a mysterious organization.",2007,New Line Cinema,180000000.0,26125000,70107728,302127136,372234864,5-Dec-07,"['Adventure', 'Family', 'Fantasy']",1 hr 53 min,PG-13,Chris Weitz,6.1
390,fifty shades freed,"Anastasia (Dakota Johnson) and Christian (Jamie Dornan) get married, but Jack Hyde (Eric Johnson) continues to threaten their relationship.",2018,Universal Pictures,55000000.0,38560195,100407760,271577258,371985018,7-Feb-18,"['Drama', 'Romance', 'Thriller']",1 hr 45 min,R,James Foley,4.5
391,hitch,A smooth-talking man falls for a hardened columnist while helping a shy accountant woo a beautiful heiress.,2005,Sony Pictures Entertainment (SPE),70000000.0,43142214,179495555,192098655,371594210,11-Feb-05,"['Comedy', 'Romance']",1 hr 58 min,PG-13,Andy Tennant,6.6
392,terminator salvation,"In 2018, a mysterious new weapon in the war against the machines, half-human and half-machine, comes to John Connor on the eve of a resistance attack on Skynet. But whose side is he on, and can he be trusted?",2009,Warner Bros.,200000000.0,42558390,125322469,246030532,371353001,20-May-09,"['Action', 'Adventure', 'Sci-Fi']",1 hr 55 min,PG-13,McG,6.5
393,captain america: the first avenger,"Steve Rogers, a rejected military soldier, transforms into Captain America after taking a dose of a ""Super-Soldier serum"". But being Captain America comes at a price as he attempts to take down a warmonger and a terrorist organization.",2011,Paramount Pictures,140000000.0,65058524,176654505,193915269,370569774,22-Jul-11,"['Action', 'Adventure', 'Sci-Fi']",2 hr 4 min,PG-13,Joe Johnston,6.9
394,edge of tomorrow,"A soldier fighting aliens gets to relive the same day over and over again, the day restarting every time he dies.",2014,Warner Bros.,178000000.0,28760246,100206256,270335000,370541256,28-May-14,"['Action', 'Adventure', 'Sci-Fi']",1 hr 53 min,PG-13,Doug Liman,7.9
395,there's something about mary,"A man gets a chance to meet up with his dream girl from high school, even though his date with her back then was a complete disaster.",1998,Twentieth Century Fox,23000000.0,13740644,176484651,193400000,369884651,15-Jul-98,"['Comedy', 'Romance']",1 hr 59 min,R,"Bobby Farrelly, Peter Farrelly",7.1
396,gone girl,"With his wife's disappearance having become the focus of an intense media circus, a man sees the spotlight turned on him when it's suspected that he may not be innocent.",2014,Twentieth Century Fox,61000000.0,37513109,167767189,201563174,369330363,2-Oct-14,"['Drama', 'Mystery', 'Thriller']",2 hr 29 min,R,David Fincher,8.1
397,the fugitive,"Dr. Richard Kimble, unjustly accused of murdering his wife, must find the real killer while being the target of a nationwide manhunt led by a seasoned U.S. Marshal.",1993,Warner Bros.,,23758855,183875760,185000000,368875760,2-Oct-14,"['Drama', 'Mystery', 'Thriller']",2 hr 29 min,R,Andrew Davis,7.8
398,jurassic park iii,"A decidedly odd couple with ulterior motives convince Dr. Grant to go to Isla Sorna for a holiday, but their unexpected landing startles the island's new inhabitants.",2001,Universal Pictures,93000000.0,50771645,181171875,187608934,368780809,5-Jul-01,"['Action', 'Adventure', 'Sci-Fi', 'Thriller']",1 hr 32 min,PG-13,Joe Johnston,5.9
399,my big fat greek wedding,A young Greek woman falls in love with a non-Greek and struggles to get her family to accept him while she comes to terms with her heritage and cultural identity.,2002,IFC Films,5000000.0,597362,241438208,127305836,368744044,19-Apr-02,"['Comedy', 'Drama', 'Romance']",1 hr 35 min,PG,Joel Zwick,6.6
400,shazam!,A newly fostered young boy in search of his mother instead finds unexpected super powers and soon gains a powerful enemy.,2019,Warner Bros.,100000000.0,53505326,140480049,227318962,367799011,3-Apr-19,"['Action', 'Adventure', 'Comedy', 'Fantasy']",2 hr 12 min,PG-13,David F. Sandberg,7.0
401,hello mr. billionaire,"A pathetic minor league Soccer Goalkeeper was given a task - to spend 1 Billion in thirty days, if successful he will get 30 Billion. However, he's not allowed to tell anyone about the task and he must not own any valuables by end of it.",2018,"July 27, 2018 (China)",100000000.0,1 hr 58 min,366961907,366961907,367799011,3-Apr-19,"['Action', 'Adventure', 'Comedy', 'Fantasy']",2 hr 12 min,PG-13,,
402,die hard with a vengeance,"John McClane and a Harlem store owner are targeted by German terrorist Simon in New York City, where he plans to rob the Federal Reserve Building.",1995,Twentieth Century Fox,90000000.0,22162245,100012499,266089167,366101666,19-May-95,"['Action', 'Adventure', 'Thriller']",2 hr 8 min,R,John McTiernan,7.6
403,the nun,A priest with a haunted past and a novice on the threshold of her final vows are sent by the Vatican to investigate the death of a young nun in Romania and confront a malevolent force in the form of a demonic nun.,2018,Warner Bros.,22000000.0,53807379,117481222,248101575,365582797,5-Sep-18,"['Horror', 'Mystery', 'Thriller']",1 hr 36 min,R,Corin Hardy,5.4
404,alvin and the chipmunks,Three musical chipmunks are discovered by an aspiring songwriter who wants to use their amazing singing abilities to become famous.,2007,Twentieth Century Fox,60000000.0,44307417,217326974,148025572,365352546,12-Dec-07,"['Adventure', 'Animation', 'Comedy', 'Family', 'Fantasy', 'Music', 'Musical']",1 hr 32 min,PG,Tim Hill,5.3
405,tenet,"Armed with only one word, Tenet, and fighting for the survival of the entire world, a Protagonist journeys through a twilight world of international espionage on a mission that will unfold in something beyond real time.",2020,Warner Bros.,205000000.0,9353090,58504105,306800000,365304105,12-Dec-07,"['Adventure', 'Animation', 'Comedy', 'Family', 'Fantasy', 'Music', 'Musical']",1 hr 32 min,PG,Christopher Nolan,7.3
406,notting hill,The life of a simple bookshop owner changes when he meets the most famous film star in the world.,1999,Universal Pictures,42000000.0,21811180,116089678,247800000,363889678,28-May-99,"['Comedy', 'Drama', 'Romance']",2 hr 4 min,PG-13,Roger Michell,7.2
407,a bug's life,"A misfit ant, looking for ""warriors"" to save his colony from greedy grasshoppers, recruits a group of bugs that turn out to be an inept circus troupe.",1998,Walt Disney Studios Motion Pictures,120000000.0,291121,162798565,200460294,363258859,20-Nov-98,"['Adventure', 'Animation', 'Comedy', 'Family']",1 hr 35 min,,"John Lasseter, Andrew Stanton",7.2
408,night at the museum: secret of the tomb,"Larry spans the globe, uniting favorite and new characters while embarking on an epic quest to save the magic before it's gone forever.",2014,Twentieth Century Fox,127000000.0,17100520,113746621,249458014,363204635,17-Dec-14,"['Adventure', 'Comedy', 'Family', 'Fantasy']",1 hr 38 min,PG,Shawn Levy,6.2
409,ocean's twelve,Daniel Ocean recruits one more team member so he can pull off three major European heists in this sequel to Ocean's Eleven.,2004,Warner Bros.,110000000.0,39153380,125544280,237200000,362744280,9-Dec-04,"['Crime', 'Thriller']",2 hr 5 min,PG-13,Steven Soderbergh,6.5
410,planet of the apes,"In 2029, an Air Force astronaut crash-lands on a mysterious planet where evolved, talking apes dominate a race of primitive humans.",2001,Twentieth Century Fox,100000000.0,68532960,180011740,182200000,362211740,27-Jul-01,"['Action', 'Adventure', 'Sci-Fi', 'Thriller']",2 hr,PG-13,Tim Burton,5.7
411,the hangover part iii,"When one of their own is kidnapped by an angry gangster, the Wolf Pack must track down Mr. Chow, who has escaped from prison and is on the run.",2013,Warner Bros.,103000000.0,41671198,112200072,249800000,362000072,23-May-13,"['Comedy', 'Crime']",1 hr 40 min,R,Todd Phillips,5.8
412,the world is not enough,"James Bond uncovers a nuclear plot while protecting an oil heiress from her former kidnapper, an international terrorist who can't feel pain.",1999,Metro-Goldwyn-Mayer (MGM),135000000.0,35519007,126943684,234888716,361832400,19-Nov-99,"['Action', 'Adventure', 'Thriller']",2 hr 8 min,PG-13,Michael Apted,6.4
413,monster hunt 2,The story continues with Wuba after he parts way with his human parents Tian and Lan for his own journey. Peace has not been restored in the monster world after the death of the evil monster king.,2018,Lionsgate,,341834,706153,360976465,361682618,19-Nov-99,"['Action', 'Adventure', 'Thriller']",2 hr 8 min,PG-13,Raman Hui,5.4
414,fast & furious,"Brian O'Conner, back working for the FBI in Los Angeles, teams up with Dominic Toretto to bring down a heroin importer by infiltrating his operation.",2009,Universal Pictures,85000000.0,70950500,155064265,205302605,360366870,2-Apr-09,"['Action', 'Crime', 'Thriller']",1 hr 47 min,PG-13,Chin Yu,N/A
415,noah,Noah is chosen by God to undertake a momentous mission before an apocalyptic flood cleanses the world.,2014,Paramount Pictures,125000000.0,43720472,101200044,258000000,359200044,20-Mar-14,"['Action', 'Adventure', 'Drama']",2 hr 18 min,PG-13,Darren Aronofsky,5.8
416,the karate kid,"Work causes a single mother to move to China with her young son; in his new home, the boy embraces kung fu, taught to him by a master.",2010,Sony Pictures Entertainment (SPE),40000000.0,55665805,176591618,182534404,359126022,10-Jun-10,"['Action', 'Drama', 'Family', 'Sport']",2 hr 20 min,PG,Harald Zwart,6.2
417,home alone 2: lost in new york,"One year after Kevin McCallister was left home alone and had to defeat a pair of bumbling burglars, he accidentally finds himself stranded in New York City - and the same criminals are not far behind.",1992,Twentieth Century Fox,,31126882,173585516,185409334,358994850,10-Jun-10,"['Action', 'Drama', 'Family', 'Sport']",2 hr 20 min,PG,Chris Columbus,6.9
418,hotel transylvania,"Dracula, who operates a high-end resort away from the human world, goes into overprotective mode when a boy discovers the resort and falls for the count's teenaged daughter.",2012,Sony Pictures Entertainment (SPE),85000000.0,42522194,148313048,210062555,358375603,20-Sep-12,"['Adventure', 'Animation', 'Comedy', 'Family', 'Fantasy', 'Horror', 'Romance']",1 hr 31 min,PG,Genndy Tartakovsky,7.0
419,minority report,"In a future where a special police unit is able to arrest murderers before they commit their crimes, an officer from that unit is himself accused of a future murder.",2002,Twentieth Century Fox,102000000.0,35677125,132072926,226300000,358372926,20-Jun-02,"['Action', 'Crime', 'Mystery', 'Sci-Fi', 'Thriller']",2 hr 25 min,PG-13,Steven Spielberg,7.6
420,top gun,"As students at the United States Navy's elite fighter weapons school compete to be best in the class, one daring young pilot learns a few things from a civilian instructor that are not taught in the classroom.",1986,Paramount Pictures,,8193052,180258178,177030000,357288178,20-Jun-02,"['Action', 'Crime', 'Mystery', 'Sci-Fi', 'Thriller']",2 hr 25 min,PG-13,Tony Scott,6.9
421,spirited away,"During her family's move to the suburbs, a sullen 10-year-old girl wanders into a world ruled by gods, witches and spirits, a world where humans are changed into beasts.",2001,Walt Disney Studios Motion Pictures,,449839,15205725,342071675,357277400,20-Jun-02,"['Action', 'Crime', 'Mystery', 'Sci-Fi', 'Thriller']",2 hr 25 min,PG-13,Hayao Miyazaki,8.6
422,the legend of tarzan,"Tarzan, having acclimated to life in London, is called back to his former home in the jungle to investigate the activities at a mining encampment.",2016,Warner Bros.,180000000.0,38527856,126643061,230057296,356700357,29-Jun-16,"['Action', 'Adventure', 'Drama', 'Fantasy', 'Romance']",1 hr 50 min,PG-13,David Yates,6.2
423,american beauty,A sexually frustrated suburban father has a mid-life crisis after becoming infatuated with his daughter's best friend.,1999,DreamWorks Distribution,15000000.0,861531,130096601,226200000,356296601,15-Sep-99,['Drama'],2 hr 2 min,R,Sam Mendes,8.3
424,apollo 13,NASA must devise a strategy to return Apollo 13 to Earth safely after the spacecraft undergoes massive internal damage putting the lives of the three astronauts on board in jeopardy.,1995,Universal Pictures,65000000.0,25353380,173837933,181077570,355237933,15-Sep-99,['Drama'],2 hr 2 min,R,Ron Howard,7.7
425,rain man,"After a selfish L.A. yuppie learns his estranged father left a fortune to an autistic-savant brother in Ohio that he didn't know existed, he absconds with his brother and sets out across the country, hoping to gain a larger inheritance.",1988,Metro-Goldwyn-Mayer (MGM),25000000.0,7005719,172825435,182000000,354825435,16-Dec-88,['Drama'],2 hr 13 min,,Barry Levinson,8.0
426,the great gatsby,"A writer and wall street trader, Nick, finds himself drawn to the past and lifestyle of his millionaire neighbor, Jay Gatsby.",2013,Warner Bros.,105000000.0,50085185,144857996,208801855,353659851,10-May-13,"['Drama', 'Romance']",2 hr 23 min,PG-13,Baz Luhrmann,7.2
427,dumbo,"A young elephant, whose oversized ears enable him to fly, helps save a struggling circus, but when the circus plans a new venture, Dumbo and his friends discover dark secrets beneath its shiny veneer.",2019,Walt Disney Studios Motion Pictures,170000000.0,45990748,114766307,238518314,353284621,27-Mar-19,"['Adventure', 'Family', 'Fantasy']",1 hr 52 min,PG,Tim Burton,6.2
428,"i, robot","In 2035, a technophobic cop investigates a crime that may have been perpetrated by a robot, which leads to a larger threat to humanity.",2004,Twentieth Century Fox,120000000.0,52179887,144801023,208332875,353133898,15-Jul-04,"['Action', 'Mystery', 'Sci-Fi', 'Thriller']",1 hr 55 min,PG-13,Alex Proyas,7.1
429,basic instinct,A violent police detective investigates a brutal murder that might involve a manipulative and seductive novelist.,1992,TriStar Pictures,49000000.0,15129385,117727224,235200000,352927224,20-Mar-92,"['Drama', 'Mystery', 'Thriller']",2 hr 7 min,R,Paul Verhoeven,7.1
430,murder on the orient express,"When a murder occurs on the train on which he's travelling, celebrated detective Hercule Poirot is recruited to solve the case.",2017,Twentieth Century Fox,55000000.0,28681472,102826543,249967538,352794081,3-Nov-17,"['Crime', 'Drama', 'Mystery']",1 hr 54 min,PG-13,Kenneth Branagh,6.5
431,x-men: first class,"In the 1960s, superpowered humans Charles Xavier and Erik Lensherr work together to find others like them, but Erik's vengeful pursuit of an ambitious mutant who ruined his life causes a schism to divide them.",2011,Twentieth Century Fox,160000000.0,55101604,146408305,206208385,352616690,1-Jun-11,"['Action', 'Sci-Fi']",2 hr 11 min,PG-13,Matthew Vaughn,7.7
432,the angry birds movie,"When an island populated by happy, flightless birds is visited by mysterious green piggies, it's up to three unlikely outcasts - Red, Chuck and Bomb - to figure out what the pigs are up to.",2016,Sony Pictures Entertainment (SPE),73000000.0,38155177,107509366,244824563,352333929,11-May-16,"['Action', 'Adventure', 'Animation', 'Comedy', 'Family']",1 hr 37 min,PG,"Clay Kaytis, Fergal Reilly",6.3
433,goldeneye,"Years after a friend and fellow 00 agent is killed on a joint mission, a Russian crime syndicate steals a secret space-based weapons program known as ""GoldenEye"" and James Bond has to stop them from using it.",1995,Metro-Goldwyn-Mayer (MGM),,26205007,106429941,245764093,352194034,11-May-16,"['Action', 'Adventure', 'Animation', 'Comedy', 'Family']",1 hr 37 min,PG,Martin Campbell,7.2
434,catch me if you can,"Barely 21 yet, Frank is a skilled forger who has passed as a doctor, lawyer and pilot. FBI agent Carl becomes obsessed with tracking down the con man, who only revels in the pursuit.",2002,DreamWorks Distribution,52000000.0,30053627,164615351,187498961,352114312,25-Dec-02,"['Biography', 'Crime', 'Drama']",2 hr 21 min,PG-13,Steven Spielberg,8.1
435,now you see me,"An F.B.I. Agent and an Interpol Detective track a team of illusionists who pull off bank heists during their performances, and reward their audiences with the money.",2013,Lionsgate,75000000.0,29350389,117723989,234000000,351723989,29-May-13,"['Crime', 'Mystery', 'Thriller']",1 hr 55 min,PG-13,Louis Leterrier,7.2
436,hannibal,"Living in exile, Dr. Hannibal Lecter tries to reconnect with now disgraced F.B.I. Agent Clarice Starling, and finds himself a target for revenge from a powerful victim.",2001,Metro-Goldwyn-Mayer (MGM),87000000.0,58003121,165092268,186600000,351692268,9-Feb-01,"['Crime', 'Drama', 'Thriller']",2 hr 11 min,R,Ridley Scott,6.8
437,the mask,Bank clerk Stanley Ipkiss is transformed into a manic superhero when he wears a mysterious mask.,1994,New Line Cinema,23000000.0,23117068,119938730,231644677,351583407,29-Jul-94,"['Action', 'Comedy', 'Crime', 'Fantasy']",1 hr 41 min,PG-13,Chuck Russell,7.0
438,peter rabbit,A rebellious rabbit tries to sneak into a farmer's vegetable garden.,2018,Sony Pictures Entertainment (SPE),50000000.0,25010928,115253424,236242642,351496066,8-Feb-18,"['Adventure', 'Comedy', 'Crime', 'Drama', 'Family', 'Fantasy']",1 hr 35 min,PG,Will Gluck,6.6
439,speed,A young police officer must prevent a bomb exploding aboard a city bus by keeping its speed above 50 mph.,1994,Twentieth Century Fox,30000000.0,14456194,121248145,229200000,350448145,10-Jun-94,"['Action', 'Adventure', 'Thriller']",1 hr 56 min,R,Jan de Bont,7.3
440,dinosaur,An orphaned dinosaur raised by lemurs joins an arduous trek to a sanctuary after a meteorite shower destroys his family home.,2000,Walt Disney Studios Motion Pictures,127500000.0,38854851,137748063,212074702,349822765,19-May-00,"['Adventure', 'Animation', 'Drama', 'Family', 'Fantasy']",1 hr 22 min,PG,"Eric Leighton, Ralph Zondag",6.4
441,mary poppins returns,"A few decades after her original visit, Mary Poppins, the magical nanny, returns to help the Banks siblings and Michael's children through a difficult time in their lives.",2018,Walt Disney Studios Motion Pictures,130000000.0,23523121,171958438,177587704,349546142,19-Dec-18,"['Adventure', 'Comedy', 'Family', 'Fantasy', 'Musical']",2 hr 10 min,PG,Rob Marshall,6.7
442,deep impact,"A comet is discovered to be on a collision course with Earth. As doomsday nears, the human race prepares for the worst.",1998,Paramount Pictures,80000000.0,41152375,140464664,209000000,349464664,19-Dec-18,"['Adventure', 'Comedy', 'Family', 'Fantasy', 'Musical']",2 hr 10 min,PG,Mimi Leder,6.3
443,the lorax,"A 12-year-old boy searches for the one thing that will enable him to win the affection of the girl of his dreams. To find it he must discover the story of the Lorax, the grumpy yet charming creature who fights to protect his world.",2012,Universal Pictures,70000000.0,70217070,214373500,134809816,349183316,1-Mar-12,"['Adventure', 'Animation', 'Comedy', 'Drama', 'Family', 'Fantasy', 'Musical']",1 hr 26 min,PG,"Chris Renaud, Kyle Balda",6.4
444,the maze runner,"Thomas is deposited in a community of boys after his memory is erased, soon learning they're all trapped in a maze that will require him to join forces with fellow ""runners"" for a shot at escape.",2014,Twentieth Century Fox,34000000.0,32512804,102427862,245891999,348319861,11-Sep-14,"['Action', 'Mystery', 'Sci-Fi', 'Thriller']",1 hr 53 min,PG-13,Wes Ball,6.8
445,the smurfs 2,"The Smurfs team up with their human friends to rescue Smurfette, who has been abducted by Gargamel, since she knows a secret spell that can turn the evil sorcerer's newest creation, creatures called ""The Naughties"", into real Smurfs.",2013,Sony Pictures Entertainment (SPE),105000000.0,17548389,71017784,276527576,347545360,31-Jul-13,"['Adventure', 'Animation', 'Comedy', 'Family', 'Fantasy']",1 hr 45 min,PG,Raja Gosnell,5.3
446,national treasure,A historian races to find the legendary Templar Treasure before a team of mercenaries.,2004,Walt Disney Studios Motion Pictures,100000000.0,35142554,173008894,174503424,347512318,19-Nov-04,"['Action', 'Adventure', 'Mystery', 'Thriller']",2 hr 11 min,PG,Jon Turteltaub,6.9
447,rush hour 2,"Carter and Lee head to Hong Kong for a vacation, but become embroiled in a counterfeit money scam.",2001,New Line Cinema,90000000.0,67408222,226164286,121161516,347325802,3-Aug-01,"['Action', 'Comedy', 'Crime', 'Thriller']",1 hr 30 min,PG-13,Brett Ratner,6.7
448,trolls,"After the Bergens invade Troll Village, Poppy, the happiest Troll ever born, and the curmudgeonly Branch set off on a journey to rescue her friends.",2016,Twentieth Century Fox,125000000.0,46581142,154025064,193157822,347182886,13-Oct-16,"['Adventure', 'Animation', 'Comedy', 'Family', 'Fantasy', 'Music', 'Musical']",1 hr 32 min,PG,"Mike Mitchell, Walt Dohrn",6.4
449,xxx: return of xander cage,"Xander Cage is left for dead after an incident, though he secretly returns to action for a new, tough assignment with his handler Augustus Gibbons.",2017,Paramount Pictures,85000000.0,20130142,44898413,301219864,346118277,18-Jan-17,"['Action', 'Adventure', 'Thriller']",1 hr 47 min,PG-13,D.J. Caruso,5.2
450,pocahontas,An English soldier and the daughter of an Algonquin chief share a romance when English colonists invade seventeenth century Virginia.,1995,Walt Disney Studios Motion Pictures,,2689714,141579773,204500000,346079773,18-Jan-17,"['Action', 'Adventure', 'Thriller']",1 hr 47 min,PG-13,"Mike Gabriel, Eric Goldberg",6.7
451,how the grinch stole christmas,"On the outskirts of Whoville lives a green, revenge-seeking Grinch who plans to ruin Christmas for all of the citizens of the town.",2000,Universal Pictures,123000000.0,55082330,260715005,85108027,345823032,17-Nov-00,"['Comedy', 'Family', 'Fantasy']",1 hr 44 min,PG,Ron Howard,6.4
452,star trek beyond,"The crew of the USS Enterprise explores the furthest reaches of uncharted space, where they encounter a new ruthless enemy, who puts them, and everything the Federation stands for, to the test.",2016,Paramount Pictures,185000000.0,59253211,158848340,184623476,343471816,20-Jul-16,"['Action', 'Adventure', 'Sci-Fi', 'Thriller']",2 hr 2 min,PG-13,Justin Lin,7.0
453,alvin and the chipmunks: chipwrecked,"Playing around while aboard a cruise ship, the Chipmunks and Chipettes accidentally go overboard and end up marooned in a tropical paradise. They discover their new turf is not as deserted as it seems.",2011,Twentieth Century Fox,75000000.0,23244744,133110742,209584693,342695435,14-Dec-11,"['Adventure', 'Animation', 'Comedy', 'Family', 'Fantasy', 'Music', 'Musical']",1 hr 27 min,G,Mike Mitchell,4.4
454,wanted,"A frustrated office worker discovers that he is the son of a professional assassin, and that he shares his father's superhuman killing abilities.",2008,Universal Pictures,75000000.0,50927085,134508551,207954512,342463063,26-Jun-08,"['Action', 'Crime', 'Thriller']",1 hr 50 min,R,Timur Bekmambetov,6.7
455,the flintstones,"In a parallel modern-day Stone Age world, a working-class family, the Flintstones, are set up for an executive job. But they learn that money can't buy happiness.",1994,Universal Pictures,46000000.0,29688730,130531208,211100000,341631208,27-May-94,"['Comedy', 'Family', 'Fantasy']",1 hr 31 min,PG,Brian Levant,5.0
456,a quiet place,A family struggles for survival in a world where most humans have been killed by blind but noise-sensitive creatures. They are forced to communicate in sign language to keep the creatures at bay.,2018,Paramount Pictures,17000000.0,50203562,188024361,152928610,340952971,4-Apr-18,"['Drama', 'Horror', 'Sci-Fi']",1 hr 30 min,PG-13,John Krasinski,7.5
457,enchanted,"A young maiden in a land called Andalasia, who is prepared to be wed, is sent away to New York City by an evil Queen, where she falls in love with a lawyer.",2007,Walt Disney Studios Motion Pictures,85000000.0,34440317,127807262,212680600,340487862,21-Nov-07,"['Adventure', 'Animation', 'Comedy', 'Family', 'Fantasy', 'Musical', 'Romance']",1 hr 47 min,PG,Kevin Lima,7.1
458,over the hedge,"A scheming raccoon fools a mismatched family of forest creatures into helping him repay a debt of food, by invading the new suburban sprawl that popped up while they were hibernating...and learns a lesson about family himself.",2006,DreamWorks,80000000.0,38457003,155019340,184776550,339795890,21-Nov-07,"['Adventure', 'Animation', 'Comedy', 'Family', 'Fantasy', 'Musical', 'Romance']",1 hr 47 min,PG,"Tim Johnson, Karey Kirkpatrick",6.7
459,300: rise of an empire,"Greek general Themistocles of Athens leads the naval charge against invading Persian forces led by mortal-turned-god Xerxes and Artemisia, vengeful commander of the Persian navy.",2014,Warner Bros.,110000000.0,45038460,106580051,231000000,337580051,5-Mar-14,"['Action', 'Drama', 'War']",1 hr 42 min,R,Noam Murro,6.2
460,batman forever,"Batman must battle former district attorney Harvey Dent, who is now Two-Face and Edward Nygma, The Riddler with help from an amorous psychologist and a young circus acrobat who becomes his sidekick, Robin.",1995,Warner Bros.,100000000.0,52784433,184069126,152498032,336567158,16-Jun-95,"['Action', 'Adventure']",2 hr 1 min,PG-13,Joel Schumacher,5.4
461,prince of persia: the sands of time,A young fugitive prince and princess must stop a villain who unknowingly threatens to destroy the world with a special dagger that enables the magic sand inside to reverse time.,2010,Walt Disney Studios Motion Pictures,200000000.0,30095259,90759676,245606000,336365676,16-Jul-09,"['Action', 'Adventure', 'Fantasy']",1 hr 56 min,PG-13,Mike Newell,6.5
462,the curious case of benjamin button,"Tells the story of Benjamin Button, a man who starts aging backwards with consequences.",2008,Paramount Pictures,150000000.0,26853816,127509326,208293460,335802786,25-Dec-08,"['Drama', 'Fantasy', 'Romance']",2 hr 46 min,PG-13,David Fincher,7.8
463,journey 2: the mysterious island,"Sean Anderson partners with his mom's husband on a mission to find his grandfather, who is thought to be missing on a mythical island.",2012,Warner Bros.,79000000.0,27335363,103887748,231400000,335287748,19-Jan-12,"['Action', 'Adventure', 'Comedy', 'Family', 'Fantasy', 'Sci-Fi']",1 hr 34 min,PG,Brad Peyton,5.7
464,the rock,"A mild-mannered chemist and an ex-con must lead the counterstrike when a rogue group of military men, led by a renegade general, threaten a nerve gas attack from Alcatraz against San Francisco.",1996,Walt Disney Studios Motion Pictures,75000000.0,25069525,134069511,200993110,335062621,7-Jun-96,"['Action', 'Adventure', 'Thriller']",2 hr 16 min,R,Michael Bay,7.4
465,the great wall,"In ancient China, a group of European mercenaries encounters a secret army that maintains and defends the Great Wall of China against a horde of monstrous creatures.",2016,Universal Pictures,150000000.0,18469620,45540830,289393001,334933831,16-Dec-16,"['Action', 'Adventure', 'Fantasy', 'Thriller']",1 hr 43 min,PG-13,Yimou Zhang,5.9
466,now you see me 2,"The Four Horsemen resurface, and are forcibly recruited by a tech genius to pull off their most impossible heist yet.",2016,Lionsgate,90000000.0,22383146,65075540,269822066,334897606,16-Dec-16,"['Action', 'Adventure', 'Fantasy', 'Thriller']",1 hr 43 min,PG-13,Jon M. Chu,6.4
467,never say die,A male UFC boxer switches bodies with the female reporter who exposed his bribes. Now they must help each other win the championship.,2017,"September 29, 2017 (United Kingdom)",,1 hr 40 min,334530869,334530869,334897606,16-Dec-16,"['Action', 'Adventure', 'Fantasy', 'Thriller']",1 hr 43 min,PG-13,"Yang Song, Chiyu Zhang",6.2
468,bridget jones's diary,Bridget Jones is determined to improve herself while she looks for love in a year in which she keeps a personal diary.,2001,Miramax,25000000.0,10733933,71543427,262729136,334272563,13-Apr-01,"['Comedy', 'Drama', 'Romance']",1 hr 37 min,R,Sharon Maguire,6.8
469,fantastic four,"A group of astronauts gain superpowers after a cosmic radiation exposure and must use them to oppose the plans of their enemy, Doctor Victor Von Doom.",2005,Twentieth Century Fox,100000000.0,56061504,154696080,178839854,333535934,6-Jul-05,"['Action', 'Adventure', 'Fantasy', 'Sci-Fi']",1 hr 46 min,PG-13,Tim Story,5.7
470,indiana jones and the temple of doom,"In 1935, Indiana Jones is tasked by Indian villagers with reclaiming a rock stolen from them by a secret cult beneath the catacombs of an ancient palace.",1984,Paramount Pictures,28000000.0,25337110,179870271,153237000,333107271,23-May-84,"['Action', 'Adventure']",1 hr 58 min,,Steven Spielberg,7.5
471,tomorrow never dies,James Bond sets out to stop a media mogul's plan to induce war between China and the UK in order to obtain exclusive global media coverage.,1997,Metro-Goldwyn-Mayer (MGM),110000000.0,25143007,125304276,207706792,333011068,23-May-84,"['Action', 'Adventure']",1 hr 58 min,,Roger Spottiswoode,6.5
472,back to the future part ii,"After visiting 2015, Marty McFly must repeat his visit to 1955 to prevent disastrous changes to 1985...without interfering with his first trip.",1989,Universal Pictures,40000000.0,27835125,119000002,213500000,332500002,22-Nov-89,"['Adventure', 'Comedy', 'Sci-Fi']",1 hr 48 min,,Robert Zemeckis,7.8
473,the good dinosaur,"In a world where dinosaurs and humans live side-by-side, an Apatosaurus named Arlo makes an unlikely human friend.",2015,Walt Disney Studios Motion Pictures,187500000.0,39155217,123087120,209120551,332207671,22-Nov-89,"['Adventure', 'Comedy', 'Sci-Fi']",1 hr 48 min,,Peter Sohn,6.7
474,free guy,"When Guy, a bank teller, learns that he is a non-player character in a bloodthirsty, open-world video game, he goes on to become the hero of the story and takes the responsibility of saving the world.",2021,20th Century Studios,,28365416,121626598,209900000,331526598,22-Nov-89,"['Adventure', 'Comedy', 'Sci-Fi']",1 hr 48 min,,Shawn Levy,7.1
475,22 jump street,"After making their way through high school (twice), big changes are in store for officers Schmidt and Jenko when they go deep undercover at a local college.",2014,Sony Pictures Entertainment (SPE),50000000.0,57071445,191719337,139614539,331333876,5-Jun-14,"['Action', 'Comedy', 'Crime']",1 hr 52 min,R,"Phil Lord, Christopher Miller",7.0
476,meet the parents,"Male nurse Greg Focker meets his girlfriend's parents before proposing, but her suspicious father is every date's worst nightmare.",2000,Universal Pictures,55000000.0,28623300,166244045,164200000,330444045,6-Oct-00,"['Comedy', 'Romance']",1 hr 48 min,PG-13,Jay Roach,7.0
477,who framed roger rabbit,A toon-hating detective is a cartoon rabbit's only hope to prove his innocence when he is accused of murder.,1988,Walt Disney Studios Motion Pictures,70000000.0,11226239,156452370,173351588,329803958,24-Jun-88,"['Adventure', 'Animation', 'Comedy', 'Crime', 'Family', 'Fantasy', 'Mystery']",1 hr 44 min,,Robert Zemeckis,7.7
478,black swan,"Nina is a talented but unstable ballerina on the verge of stardom. Pushed to the breaking point by her artistic director and a seductive rival, Nina's grip on reality slips, plunging her into a waking nightmare.",2010,Fox Searchlight,13000000.0,1443809,106954678,222443368,329398046,3-Dec-10,"['Drama', 'Thriller']",1 hr 48 min,R,Darren Aronofsky,8.0
479,the perfect storm,An unusually intense storm pattern catches some commercial fishermen unaware and puts them in mortal danger.,2000,Warner Bros.,140000000.0,41325042,182618434,146100000,328718434,30-Jun-00,"['Action', 'Adventure', 'Drama', 'Thriller']",2 hr 10 min,PG-13,Wolfgang Petersen,6.5
480,john wick: chapter 3 - parabellum,"John Wick is on the run after killing a member of the international assassins' guild, and with a $14 million price tag on his head, he is the target of hit men and women everywhere.",2019,Lionsgate,75000000.0,56818067,171015687,157333700,328349387,15-May-19,"['Action', 'Crime', 'Thriller']",2 hr 10 min,R,Chad Stahelski,7.4
481,crocodile dundee,An American reporter goes to the Australian outback to meet an eccentric crocodile poacher and invites him to New York City.,1986,Paramount Pictures,,8038855,174803506,153400000,328203506,15-May-19,"['Action', 'Crime', 'Thriller']",2 hr 10 min,R,Peter Faiman,6.6
482,crazy alien,"A monkey trainer whose act goes wrong after an alien crash lands on Earth and injures his monkey. Desperate to perform the act, he attempts to train the alien instead, but is punished after the alien regains his powers.",2019,"February 5, 2019 (China)",,1 hr 56 min,327598891,327598891,328203506,15-May-19,"['Action', 'Crime', 'Thriller']",2 hr 10 min,R,Hao Ning,5.7
483,se7en,"Two detectives, a rookie and a veteran, hunt a serial killer who uses the seven deadly sins as his motives.",1995,New Line Cinema,33000000.0,13949807,100125643,227207916,327333559,22-Sep-95,"['Crime', 'Drama', 'Mystery', 'Thriller']",2 hr 7 min,R,David Fincher,8.6
484,the devil wears prada,"A smart but sensible new graduate lands a job as an assistant to Miranda Priestly, the demanding editor-in-chief of a high fashion magazine.",2006,Twentieth Century Fox,35000000.0,27537244,124740460,201965655,326706115,30-Jun-06,"['Comedy', 'Drama']",1 hr 49 min,PG-13,David Frankel,6.9
485,taken 3,"Accused of a ruthless murder he never committed or witnessed, Bryan Mills goes on the run and brings out his particular set of skills to find the true killer and clear his name.",2014,Twentieth Century Fox,48000000.0,39201657,89256424,237222717,326479141,1-Jan-15,"['Action', 'Crime', 'Thriller']",1 hr 48 min,PG-13,Olivier Megaton,6.0
486,the hunchback of notre dame,"A deformed bell-ringer must assert his independence from a vicious government minister in order to help his friend, a gypsy dancer.",1996,Walt Disney Studios Motion Pictures,100000000.0,21037414,100138851,225200000,325338851,21-Jun-96,"['Animation', 'Drama', 'Family', 'Musical', 'Romance']",1 hr 31 min,,"Gary Trousdale, Kirk Wise",7.0
487,a christmas carol,"An animated retelling of Charles Dickens' classic novel about a Victorian-era miser taken on a journey of self-redemption, courtesy of several mysterious Christmas apparitions.",2009,Walt Disney Studios Motion Pictures,200000000.0,30051075,137855863,187430783,325286646,9-Sep-09,"['Adventure', 'Animation', 'Comedy', 'Drama', 'Family', 'Fantasy']",1 hr 36 min,PG,Robert Zemeckis,6.8
488,the spongebob movie: sponge out of water,"When a diabolical pirate above the sea steals the secret Krabby Patty formula, SpongeBob and his nemesis Plankton must team up in order to get it back.",2015,Paramount Pictures,74000000.0,55365012,162994032,162192000,325186032,28-Jan-15,"['Adventure', 'Animation', 'Comedy', 'Family', 'Fantasy']",1 hr 32 min,PG,"Paul Tibbitt, Mike Mitchell",6.0
489,schindler's list,"In German-occupied Poland during World War II, industrialist Oskar Schindler gradually becomes concerned for his Jewish workforce after witnessing their persecution by the Nazis.",1993,Universal Pictures,22000000.0,656636,96898818,225262427,322161245,15-Dec-93,"['Biography', 'Drama', 'History']",3 hr 15 min,R,Steven Spielberg,9.0
490,megamind,"Evil genius Megamind finally defeats his do-gooder nemesis, Metro Man, but is left without a purpose in a superhero-free world.",2010,DreamWorks,130000000.0,46016833,148415853,173469912,321885765,28-Oct-10,"['Action', 'Animation', 'Comedy', 'Crime', 'Family', 'Mystery', 'Sci-Fi', 'Thriller']",1 hr 35 min,PG,Tom McGrath,7.3
491,the conjuring 2,Ed and Lorraine Warren travel to North London to help a single mother raising four children alone in a house plagued by a supernatural spirit.,2016,Warner Bros.,40000000.0,40406314,102516140,219318211,321834351,8-Jun-16,"['Horror', 'Mystery', 'Thriller']",2 hr 14 min,R,James Wan,7.3
492,green book,A working-class Italian-American bouncer becomes the driver for an African-American classical pianist on a tour of venues through the 1960s American South.,2018,Universal Pictures,23000000.0,320429,85080171,236672485,321752656,16-Nov-18,"['Biography', 'Comedy', 'Drama', 'Music']",2 hr 10 min,PG-13,Peter Farrelly,8.2
493,lethal weapon 3,Martin Riggs and Roger Murtaugh pursue a former LAPD officer who uses his knowledge of police procedure and policies to steal and sell confiscated guns and ammunition to local street gangs.,1992,Warner Bros.,35000000.0,33243086,144731527,177000000,321731527,15-May-92,"['Action', 'Crime', 'Thriller']",1 hr 58 min,R,Richard Donner,6.7
494,robin hood,"In twelfth-century England, Robin Longstride and his band of marauders confront corruption in a local village and lead an uprising against the crown that will forever alter the balance of world power.",2010,Universal Pictures,200000000.0,36063385,105269730,216400011,321669741,12-May-10,"['Action', 'Adventure', 'Drama', 'History']",2 hr 20 min,PG-13,Ridley Scott,6.6
495,inglourious basterds,"In Nazi-occupied France during World War II, a plan to assassinate Nazi leaders by a group of Jewish U.S. soldiers coincides with a theatre owner's vengeful plans for the same.",2009,The Weinstein Company,70000000.0,38054676,120540719,200917028,321457747,19-Aug-09,"['Adventure', 'Drama', 'War']",2 hr 33 min,R,Quentin Tarantino,8.4
496,101 dalmatians,An evil high-fashion designer plots to steal dalmatian puppies in order to make an extravagant fur coat but creates an extravagant mess instead.,1996,Walt Disney Studios Motion Pictures,,33504025,136189294,184500000,320689294,19-Aug-09,"['Adventure', 'Drama', 'War']",2 hr 33 min,R,Stephen Herek,5.7
497,the conjuring,Paranormal investigators Ed and Lorraine Warren work to help a family terrorized by a dark presence in their farmhouse.,2013,Warner Bros.,20000000.0,41855326,137446368,182959874,320406242,18-Jul-13,"['Horror', 'Mystery', 'Thriller']",1 hr 52 min,R,James Wan,7.5
498,fatal attraction,A married man's one-night stand comes back to haunt him when that lover begins to stalk him and his family.,1987,Paramount Pictures,,7602740,156645693,163500000,320145693,18-Jul-13,"['Horror', 'Mystery', 'Thriller']",1 hr 52 min,R,Adrian Lyne,6.9
499,sonic the hedgehog,"After discovering a small, blue, fast hedgehog, a small-town police officer must help him defeat an evil genius who wants to do experiments on him.",2020,Paramount Pictures,85000000.0,58018348,148974665,170741018,319715683,12-Feb-20,"['Action', 'Adventure', 'Comedy', 'Family', 'Fantasy', 'Sci-Fi']",1 hr 39 min,PG,Jeff Fowler,6.5
500,the last airbender,"Follows the adventures of Aang, a young successor to a long line of Avatars, who must master all four elements and stop the Fire Nation from enslaving the Water Tribes and the Earth Kingdom.",2010,Paramount Pictures,150000000.0,40325019,131772187,187941694,319713881,1-Jul-10,"['Action', 'Adventure', 'Family', 'Fantasy']",1 hr 43 min,PG,M. Night Shyamalan,4.0
501,the proposal,A pushy boss forces her young assistant to marry her in order to keep her visa status in the U.S. and avoid deportation to Canada.,2009,Walt Disney Studios Motion Pictures,40000000.0,33627598,163958031,153417000,317375031,17-Jun-09,"['Comedy', 'Drama', 'Romance']",1 hr 48 min,PG-13,Anne Fletcher,6.8
502,the polar express,"On Christmas Eve, a young boy embarks on a magical adventure to the North Pole on the Polar Express, while learning about friendship, bravery, and the spirit of Christmas.",2004,Warner Bros.,165000000.0,23323463,189528738,127369049,316897787,10-Nov-04,"['Adventure', 'Animation', 'Comedy', 'Family', 'Fantasy', 'Musical']",1 hr 40 min,,Robert Zemeckis,6.6
503,a beautiful mind,"After John Nash, a brilliant but asocial mathematician, accepts secret work in cryptography, his life takes a turn for the nightmarish.",2001,Universal Pictures,58000000.0,367151,170742341,146048916,316791257,21-Dec-01,"['Biography', 'Drama']",2 hr 15 min,PG-13,Ron Howard,8.2
504,beverly hills cop,A freewheeling Detroit cop pursuing a murder investigation finds himself dealing with the very different culture of Beverly Hills.,1984,Paramount Pictures,,15214805,234760478,81600000,316360478,21-Dec-01,"['Biography', 'Drama']",2 hr 15 min,PG-13,Martin Brest,7.4
505,air force one,"Communist radicals hijack Air Force One with the U.S. President and his family on board. The Vice President negotiates from Washington D.C., while the President, a veteran, fights to rescue the hostages on board.",1997,Sony Pictures Entertainment (SPE),85000000.0,37132505,172956409,142200000,315156409,25-Jul-97,"['Action', 'Drama', 'Thriller']",2 hr 4 min,R,Wolfgang Petersen,6.5
506,wonder,"Based on the New York Times bestseller, this movie tells the incredibly inspiring and heartwarming story of August Pullman, a boy with facial differences who enters the fifth grade, attending a mainstream elementary school for the first time.",2017,Lionsgate,,27547866,132422809,182603121,315025930,25-Jul-97,"['Action', 'Drama', 'Thriller']",2 hr 4 min,R,Stephen Chbosky,7.9
507,the expendables 2,"Mr. Church reunites the Expendables for what should be an easy paycheck, but when one of their men is murdered on the job, their quest for revenge puts them deep in enemy territory and up against an unexpected threat.",2012,Lionsgate,100000000.0,28591370,85028192,229947763,314975955,15-Aug-12,"['Action', 'Adventure', 'Thriller']",1 hr 43 min,R,Simon West,6.6
508,chicken little,"After ruining his reputation with the town, a courageous chicken must come to the rescue of his fellow citizens when aliens start an invasion.",2005,Walt Disney Studios Motion Pictures,150000000.0,40049778,135386665,179046172,314432837,4-Nov-05,"['Adventure', 'Animation', 'Comedy', 'Family', 'Fantasy', 'Sci-Fi']",1 hr 21 min,G,Mark Dindal,5.7
509,as good as it gets,"A single mother and waitress, a misanthropic author, and a gay artist form an unlikely friendship after the artist is assaulted in a robbery.",1997,Sony Pictures Entertainment (SPE),50000000.0,12606928,148478011,165700000,314178011,23-Dec-97,"['Comedy', 'Drama', 'Romance']",2 hr 19 min,PG-13,James L. Brooks,7.7
510,austin powers: the spy who shagged me,"Dr. Evil is back and has invented a new time machine that allows him to go back to the 1960s and steal Austin Powers' mojo, inadvertently leaving him ""shagless"".",1999,New Line Cinema,33000000.0,54917604,206040086,107661208,313701294,9-Jun-99,"['Action', 'Adventure', 'Comedy', 'Crime']",1 hr 35 min,PG-13,Jay Roach,6.7
511,knives out,"A detective investigates the death of the patriarch of an eccentric, combative family.",2019,Lionsgate,40000000.0,26769548,165363234,147534686,312897920,21-Nov-19,"['Comedy', 'Crime', 'Drama', 'Mystery', 'Thriller']",2 hr 10 min,PG-13,Rian Johnson,7.9
512,maze runner: the scorch trials,"After having escaped the Maze, the Gladers now face a new set of challenges on the open roads of a desolate landscape filled with unimaginable obstacles.",2015,Twentieth Century Fox,61000000.0,30316510,81697192,230598864,312296056,9-Sep-15,"['Action', 'Adventure', 'Sci-Fi', 'Thriller']",2 hr 11 min,PG-13,Wes Ball,6.3
513,resident evil: the final chapter,"Alice returns to where the nightmare began: The Hive in Raccoon City, where the Umbrella Corporation is gathering its forces for a final strike against the only remaining survivors of the apocalypse.",2016,Screen Gems,40000000.0,13601682,26830068,285412558,312242626,23-Dec-16,"['Action', 'Horror', 'Sci-Fi']",1 hr 47 min,R,Paul W.S. Anderson,5.5
514,the lego batman movie,"A cooler-than-ever Bruce Wayne must deal with the usual suspects as they plan to rule Gotham City, while discovering that he has accidentally adopted a teenage orphan who wishes to become his sidekick.",2017,Warner Bros.,80000000.0,53003468,175936671,136200000,312136671,2-Feb-17,"['Action', 'Adventure', 'Animation', 'Comedy', 'Family', 'Fantasy', 'Sci-Fi']",1 hr 44 min,PG,Chris McKay,7.3
515,ocean's thirteen,"Danny Ocean rounds up the boys for a third heist after casino owner Willy Bank double-crosses one of the original eleven, Reuben Tishkoff.",2007,Warner Bros.,,36133403,117154724,194157900,311312624,2-Feb-17,"['Action', 'Adventure', 'Animation', 'Comedy', 'Family', 'Fantasy', 'Sci-Fi']",1 hr 44 min,PG,Steven Soderbergh,6.9
516,little fockers,"Family-patriarch Jack Byrnes wants to appoint a successor. Does his son-in-law, the male nurse Greg Focker, have what it takes?",2010,Universal Pictures,100000000.0,30833665,148438600,162211985,310650585,22-Dec-10,"['Comedy', 'Romance']",1 hr 38 min,PG-13,Paul Weitz,5.5
517,bolt,The canine star of a fictional sci-fi/action show that believes his powers are real embarks on a cross country trek to save his co-star from a threat he believes is just as real.,2008,Walt Disney Studios Motion Pictures,150000000.0,26223128,114053579,195926415,309979994,21-Nov-08,"['Adventure', 'Animation', 'Comedy', 'Crime', 'Drama', 'Family', 'Sci-Fi']",1 hr 36 min,PG,"Byron Howard, Chris Williams",6.8
518,ransom,"Multi-millionaire Tom Mullen's son is kidnapped, but after initially agreeing to pay the ransom Mullen then decides to use the ransom money as a bounty.",1996,Walt Disney Studios Motion Pictures,70000000.0,34216088,136492681,173000000,309492681,21-Nov-08,"['Adventure', 'Animation', 'Comedy', 'Crime', 'Drama', 'Family', 'Sci-Fi']",1 hr 36 min,PG,Ron Howard,6.7
519,runaway bride,A reporter is assigned to write a story about a woman who has left a string of fiancés at the altar.,1999,Paramount Pictures,70000000.0,35055556,152257509,157202783,309460292,30-Jul-99,"['Comedy', 'Romance']",1 hr 56 min,PG,Garry Marshall,5.6
520,the blind side,"The story of Michael Oher, a homeless and traumatized boy who became an All-American football player and first-round NFL draft pick with the help of a caring woman and her family.",2009,Warner Bros.,29000000.0,34119372,255982860,53248834,309231694,20-Nov-09,"['Biography', 'Drama', 'Sport']",2 hr 9 min,PG-13,John Lee Hancock,7.6
521,the ex-file 3: return of the exes,A couples relationship is tested by the untimely appearances of their exes!,2017,China Lion Film Distribution,,125291,838959,306753468,307592427,20-Nov-09,"['Biography', 'Drama', 'Sport']",2 hr 9 min,PG-13,Yusheng Tian,5.6
522,the fault in our stars,Two teenage cancer patients begin a life-affirming journey to visit a reclusive author in Amsterdam.,2014,Twentieth Century Fox,12000000.0,48002523,124872350,182294484,307166834,4-Jun-14,"['Drama', 'Romance']",2 hr 6 min,PG-13,Josh Boone,7.6
523,the pursuit of happyness,A struggling salesman takes custody of his son as he's poised to begin a life-changing professional career.,2006,Sony Pictures Entertainment (SPE),55000000.0,26541709,163566459,143561166,307127625,15-Dec-06,"['Biography', 'Drama']",1 hr 57 min,PG-13,Gabriele Muccino,8.0
524,rise of the guardians,"When the evil spirit Pitch launches an assault on Earth, the Immortal Guardians team up to protect the innocence of children all around the world.",2012,DreamWorks,145000000.0,23773465,103412758,203528912,306941670,21-Nov-12,"['Action', 'Adventure', 'Animation', 'Comedy', 'Drama', 'Family', 'Fantasy']",1 hr 37 min,PG,Peter Ramsey,7.2
525,close encounters of the third kind,"Roy Neary, an Indiana electric lineman, finds his quiet and ordinary daily life turned upside down after a close encounter with a UFO, spurring him to an obsessed cross-country quest for answers as a momentous event approaches.",1977,Columbia Pictures,,20000000,135189114,171700000,306889114,21-Nov-12,"['Action', 'Adventure', 'Animation', 'Comedy', 'Drama', 'Family', 'Fantasy']",1 hr 37 min,PG,Steven Spielberg,7.6
526,chicago,"Two death-row murderesses develop a fierce rivalry while competing for publicity, celebrity, and a sleazy lawyer's attention.",2002,Miramax,45000000.0,2074929,170687518,136089214,306776732,26-Feb-02,"['Comedy', 'Crime', 'Musical']",1 hr 53 min,PG-13,Rob Marshall,7.2
527,annabelle: creation,"Twelve years after the tragic death of their little girl, a doll-maker and his wife welcome a nun and several girls from a shuttered orphanage into their home, where they become the target of the doll-maker's possessed creation, Annabelle.",2017,Warner Bros.,15000000.0,35006404,102092201,204423683,306515884,3-Aug-17,"['Horror', 'Mystery', 'Thriller']",1 hr 49 min,R,David F. Sandberg,6.5
528,bridesmaids,"Competition between the maid of honor and a bridesmaid, over who is the bride's best friend, threatens to upend the life of an out-of-work pastry chef.",2011,Universal Pictures,32500000.0,26247410,169106725,137335360,306442085,12-May-11,['Comedy'],2 hr 5 min,R,Paul Feig,6.8
529,skyscraper,"A security expert must infiltrate a burning skyscraper, 225 stories above ground, when his family is trapped inside by criminals.",2018,Universal Pictures,125000000.0,24905015,68420120,236448841,304868961,11-Jul-18,"['Action', 'Adventure', 'Thriller']",1 hr 42 min,PG-13,Rawson Marshall Thurber,5.8
530,a good day to die hard,"John McClane travels to Russia to help out his seemingly wayward son, Jack, only to discover that Jack is a CIA operative working undercover, causing the father and son to team up against underworld forces.",2013,Twentieth Century Fox,92000000.0,24834845,67349198,237304984,304654182,6-Feb-13,"['Action', 'Thriller']",1 hr 38 min,R,John Moore,5.2
531,mulan,"To save her father from death in the army, a young maiden secretly goes in his place and becomes one of China's greatest heroines in the process.",1998,Walt Disney Studios Motion Pictures,90000000.0,22745143,120620254,183700000,304320254,6-Feb-13,"['Action', 'Thriller']",1 hr 38 min,R,"Tony Bancroft, Barry Cook",7.7
532,dangal,Former wrestler Mahavir Singh Phogat and his two wrestler daughters struggle towards glory at the Commonwealth Games in the face of societal oppression.,2016,UTV Motion Pictures,,3248481,12391761,291331875,303723636,6-Feb-13,"['Action', 'Thriller']",1 hr 38 min,R,Nitesh Tiwari,8.3
533,passengers,A malfunction in a sleeping pod on a spacecraft traveling to a distant colony planet wakes one passenger 90 years early.,2016,Sony Pictures Entertainment (SPE),110000000.0,14869736,100014699,203129453,303144152,21-Dec-16,"['Drama', 'Romance', 'Sci-Fi', 'Thriller']",1 hr 56 min,PG-13,Morten Tyldum,7.0
534,battleship,A fleet of ships is forced to do battle with an armada of unknown origins in order to discover and thwart their destructive goals.,2012,Universal Pictures,209000000.0,25534825,65422625,237602860,303025485,11-Apr-12,"['Action', 'Adventure', 'Sci-Fi', 'Thriller']",2 hr 11 min,PG-13,Peter Berg,5.8
535,liar liar,A pathological liar-lawyer finds his career turned upside down when he inexplicably cannot physically lie for 24 whole hours.,1997,Universal Pictures,,31423025,181410615,121300000,302710615,11-Apr-12,"['Action', 'Adventure', 'Sci-Fi', 'Thriller']",2 hr 11 min,PG-13,Tom Shadyac,6.9
536,g.i. joe: the rise of cobra,"An elite military unit comprised of special operatives known as G.I. Joe, operating out of The Pit, takes on an evil organization led by a notorious arms dealer.",2009,Paramount Pictures,175000000.0,54713046,150201498,152267519,302469017,5-Aug-09,"['Action', 'Adventure', 'Sci-Fi', 'Thriller']",1 hr 58 min,PG-13,Stephen Sommers,5.7
537,wrath of the titans,"Perseus braves the treacherous underworld to rescue his father, Zeus, captured by his son, Ares, and brother Hades who unleash the ancient Titans upon the world.",2012,Warner Bros.,150000000.0,33457188,83670083,218300000,301970083,28-Mar-12,"['Action', 'Adventure', 'Fantasy']",1 hr 39 min,PG-13,Jonathan Liebesman,5.7
538,fantastic four: rise of the silver surfer,The Fantastic Four learn that they aren't the only super-powered beings in the universe when they square off against the powerful Silver Surfer and the planet-eating Galactus.,2007,Twentieth Century Fox,130000000.0,58051684,131921738,169991393,301913131,13-Jun-07,"['Action', 'Adventure', 'Fantasy', 'Sci-Fi']",1 hr 32 min,PG,Tim Story,5.6
539,hook,"When Captain James Hook kidnaps his children, an adult Peter Pan must return to Neverland and reclaim his youthful spirit in order to challenge his old enemy.",1991,TriStar Pictures,70000000.0,13522535,119654823,181200000,300854823,11-Dec-91,"['Adventure', 'Comedy', 'Family', 'Fantasy']",2 hr 22 min,,Steven Spielberg,6.8
540,superman,"An alien orphan is sent from his dying planet to Earth, where he grows up to become his adoptive home's first and greatest superhero.",1978,Warner Bros.,55000000.0,7465343,134478449,166000000,300478449,15-Dec-78,"['Action', 'Adventure', 'Sci-Fi']",2 hr 23 min,PG,Richard Donner,7.4
541,rocky iv,"Rocky Balboa proudly holds the world heavyweight boxing championship, but a new challenger has stepped forward: Drago, a six-foot-four, 261-pound fighter who has the backing of the Soviet Union.",1985,United Artists,,19991537,127873716,172600000,300473716,15-Dec-78,"['Action', 'Adventure', 'Sci-Fi']",2 hr 23 min,PG,Sylvester Stallone,6.9
542,rambo: first blood part ii,Rambo returns to the jungles of Vietnam on a mission to infiltrate an enemy base-camp and rescue the American POWs still held captive there.,1985,TriStar Pictures,,20176217,150415432,149985000,300400432,15-Dec-78,"['Action', 'Adventure', 'Sci-Fi']",2 hr 23 min,PG,George P. Cosmatos,6.5
543,resident evil: afterlife,"While still out to destroy the evil Umbrella Corporation, Alice joins a group of survivors living in a prison surrounded by the infected who also want to relocate to the mysterious but supposedly unharmed safe haven known only as Arcadia.",2010,Screen Gems,60000000.0,26650264,60128566,240099518,300228084,9-Sep-10,"['Action', 'Horror', 'Sci-Fi']",1 hr 36 min,R,Paul W.S. Anderson,5.8
544,van helsing,"The famed monster hunter is sent to Transylvania to stop Count Dracula, who is using Dr. Frankenstein's research and a werewolf for nefarious purposes.",2004,Universal Pictures,160000000.0,51748040,120177084,179980554,300157638,5-May-04,"['Action', 'Adventure', 'Fantasy', 'Thriller']",2 hr 11 min,PG-13,Stephen Sommers,6.1
545,stuart little,"The Little family adopt a charming young mouse named Stuart, but the family cat wants rid of him.",1999,Sony Pictures Entertainment (SPE),133000000.0,15018223,140035367,160100000,300135367,17-Dec-99,"['Adventure', 'Comedy', 'Family', 'Fantasy']",1 hr 24 min,PG,Rob Minkoff,6.0
546,beverly hills cop ii,"Axel Foley returns to Beverly Hills to help Taggart and Rosewood investigate Chief Bogomil's near-fatal shooting and the series of ""alphabet crimes"" associated with it.",1987,Paramount Pictures,,26348555,153665036,146300000,299965036,17-Dec-99,"['Adventure', 'Comedy', 'Family', 'Fantasy']",1 hr 24 min,PG,Tony Scott,6.6
547,alice through the looking glass,"Alice is appointed to save her beloved Mad Hatter from deadly grief by travelling back to the past, but this means fatally harming Time himself, the noble clockwork man with the device needed to save the Hatter's family from the Red Queen.",2016,Walt Disney Studios Motion Pictures,170000000.0,26858726,77041381,222779417,299820798,25-May-16,"['Adventure', 'Family', 'Fantasy', 'Mystery']",1 hr 53 min,PG,James Bobin,6.2
548,my best friend's wedding,"When a woman's long-time friend reveals he's engaged, she realizes she loves him herself and sets out to get him, with only days before the wedding.",1997,Sony Pictures Entertainment (SPE),38000000.0,21678377,127120029,172168576,299288605,20-Jun-97,"['Comedy', 'Drama', 'Romance']",1 hr 45 min,PG-13,P.J. Hogan,6.4
549,real steel,"In the near future, robot boxing is a top sport. A struggling ex-boxer feels he's found a champion in a discarded robot.",2011,Walt Disney Studios Motion Pictures,110000000.0,27319677,85468508,213800000,299268508,20-Jun-97,"['Comedy', 'Drama', 'Romance']",1 hr 45 min,PG-13,Shawn Levy,7.1
550,horton hears a who!,Horton the Elephant struggles to protect a microscopic community from his neighbors who refuse to believe it exists.,2008,Twentieth Century Fox,85000000.0,45012998,154529439,144043360,298572799,12-Mar-08,"['Adventure', 'Animation', 'Comedy', 'Drama', 'Family', 'Fantasy', 'Music']",1 hr 26 min,,"Jimmy Hayward, Steve Martino",6.8
551,ocean's eight,Debbie Ocean gathers an all-female crew to attempt an impossible heist at New York City's annual Met Gala.,2018,Warner Bros.,70000000.0,41607378,140295726,157500000,297795726,7-Jun-18,"['Action', 'Comedy', 'Crime']",1 hr 50 min,PG-13,Gary Ross,6.3
552,a quiet place part ii,"Following the events at home, the Abbott family now face the terrors of the outside world. Forced to venture into the unknown, they realize the creatures that hunt by sound are not the only threats lurking beyond the sand path.",2020,Paramount Pictures,,47547231,160072261,137300000,297372261,7-Jun-18,"['Action', 'Comedy', 'Crime']",1 hr 50 min,PG-13,John Krasinski,7.2
553,the divergent series: insurgent,Beatrice Prior must confront her inner demons and continue her fight against a powerful alliance which threatens to tear her society apart with the help from others on her side.,2015,Lionsgate,110000000.0,52263680,130179072,166823455,297002527,18-Mar-15,"['Action', 'Adventure', 'Sci-Fi', 'Thriller']",1 hr 59 min,PG-13,Robert Schwentke,6.2
554,look who's talking,"After a single, career-minded woman is left on her own to give birth to the child of a married man, she finds a new romantic chance in a cab driver. Meanwhile, the point-of-view of the newborn baby is narrated through voice-over.",1989,TriStar Pictures,,12107784,140088813,156911000,296999813,18-Mar-15,"['Action', 'Adventure', 'Sci-Fi', 'Thriller']",1 hr 59 min,PG-13,Amy Heckerling,5.9
555,austin powers in goldmember,"Upon learning that his father has been kidnapped, Austin Powers must travel to 1975 and defeat the aptly named villain Goldmember, who is working with Dr. Evil.",2002,New Line Cinema,63000000.0,73071188,213307889,83630912,296938801,26-Jul-02,"['Action', 'Adventure', 'Comedy', 'Crime']",1 hr 34 min,PG-13,Jay Roach,6.2
556,ghostbusters,"Three parapsychologists forced out of their university funding set up shop as a unique ghost removal service in New York City, attracting frightened yet skeptical customers.",1984,Columbia Pictures,30000000.0,13578151,243578797,53000000,296578797,8-Jun-84,"['Action', 'Comedy', 'Fantasy', 'Sci-Fi']",1 hr 45 min,,Ivan Reitman,7.8
557,miss peregrine's home for peculiar children,"When Jacob (Asa Butterfield) discovers clues to a mystery that stretches across time, he finds Miss Peregrine's Home for Peculiar Children. But the danger deepens after he gets to know the residents and learns about their special powers.",2016,Twentieth Century Fox,110000000.0,28871140,87242834,209239612,296482446,28-Sep-16,"['Adventure', 'Drama', 'Family', 'Fantasy', 'Thriller']",2 hr 7 min,PG-13,Tim Burton,6.7
558,x-men,"In a world where mutants (evolved super-powered humans) exist and are discriminated against, two groups form for an inevitable clash: the supremacist Brotherhood, and the pacifist X-Men.",2000,Twentieth Century Fox,75000000.0,54471475,157299718,139039810,296339528,13-Jul-00,"['Action', 'Adventure', 'Sci-Fi']",1 hr 44 min,PG-13,Bryan Singer,7.3
559,ferdinand,"After Ferdinand, a bull with a big heart, is mistaken for a dangerous beast, he is captured and torn from his home. Determined to return to his family, he rallies a misfit team on the ultimate adventure.",2017,Twentieth Century Fox,111000000.0,13401586,84410380,211658819,296069199,13-Dec-17,"['Adventure', 'Animation', 'Comedy', 'Drama', 'Family']",1 hr 48 min,PG,Carlos Saldanha,6.7
560,shutter island,"Teddy Daniels and Chuck Aule, two US marshals, are sent to an asylum on a remote island in order to investigate the disappearance of a patient, where Teddy uncovers a shocking truth about the place.",2010,Paramount Pictures,80000000.0,41062440,128012934,166792763,294805697,18-Feb-10,"['Mystery', 'Thriller']",2 hr 18 min,R,Martin Scorsese,8.2
561,doctor dolittle,A doctor discovers that he can communicate with animals.,1998,Twentieth Century Fox,71500000.0,29014324,144156605,150300000,294456605,18-Feb-10,"['Mystery', 'Thriller']",2 hr 18 min,R,Betty Thomas,5.4
562,bee movie,"Barry B. Benson, a bee just graduated from college, is disillusioned at his lone career choice: making honey. On a special trip outside the hive, Barry's life is saved by Vanessa, a florist in New York City. As their relationship blossoms, he discovers humans actually eat honey and subsequently decides to sue them.",2007,DreamWorks,150000000.0,38021044,126631277,166883059,293514336,1-Nov-07,"['Adventure', 'Animation', 'Comedy', 'Drama', 'Family']",1 hr 31 min,PG,"Simon J. Smith, Steve Hickner",6.1
563,salt,A CIA agent goes on the run after a defector accuses her of being a Russian spy.,2010,Sony Pictures Entertainment (SPE),110000000.0,36011243,118311368,175191986,293503354,21-Jul-10,"['Action', 'Thriller']",1 hr 40 min,PG-13,Phillip Noyce,6.5
564,g-force,A specially trained squad of guinea pigs is dispatched to stop a diabolical billionaire from taking over the world.,2009,Walt Disney Studios Motion Pictures,150000000.0,31706934,119436770,173381128,292817898,23-Jul-09,"['Action', 'Adventure', 'Animation', 'Comedy', 'Family', 'Fantasy', 'Sci-Fi']",1 hr 28 min,PG,Hoyt Yeatman,5.1
565,the departed,An undercover cop and a mole in the police attempt to identify each other while infiltrating an Irish gang in South Boston.,2006,Warner Bros.,90000000.0,26887467,132399394,159081058,291480452,5-Oct-06,"['Crime', 'Drama', 'Thriller']",2 hr 31 min,R,Martin Scorsese,8.5
566,what lies beneath,The wife of a university research scientist believes that her lakeside Vermont home is haunted by a ghost - or that she is losing her mind.,2000,DreamWorks Distribution,100000000.0,29702959,155464351,135956000,291420351,21-Jul-00,"['Drama', 'Horror', 'Mystery', 'Thriller']",2 hr 10 min,PG-13,Robert Zemeckis,6.6
567,pacific rim: uprising,"Jake Pentecost, son of Stacker Pentecost, reunites with Mako Mori to lead a new generation of Jaeger pilots, including rival Lambert and 15-year-old hacker Amara, against a new Kaiju threat.",2018,Universal Pictures,150000000.0,28116535,59874525,231055623,290930148,21-Mar-18,"['Action', 'Adventure', 'Fantasy', 'Horror', 'Sci-Fi', 'Thriller']",1 hr 51 min,PG-13,Steven S. DeKnight,5.6
568,the bourne supremacy,"When Jason Bourne is framed for a CIA operation gone awry, he is forced to resume his former life as a trained assassin to survive.",2004,Universal Pictures,75000000.0,52521865,176241941,114593328,290835269,23-Jul-04,"['Action', 'Mystery', 'Thriller']",1 hr 48 min,PG-13,Paul Greengrass,7.7
569,sex and the city 2,"While wrestling with the pressures of life, love, and work in Manhattan, Carrie, Miranda, and Charlotte join Samantha for a trip to Abu Dhabi (United Arab Emirates), where Samantha's ex is filming a new movie.",2010,Warner Bros.,100000000.0,31001870,95347692,195397363,290745055,27-May-10,"['Comedy', 'Drama', 'Romance']",2 hr 26 min,R,Michael Patrick King,4.5
570,shakespeare in love,"The world's greatest ever playwright, William Shakespeare, is young, out of ideas and short of cash, but meets his ideal woman and is inspired to write one of his most famous plays.",1998,Miramax,25000000.0,224012,100317794,189000000,289317794,11-Dec-98,"['Comedy', 'Drama', 'History', 'Romance']",2 hr 3 min,R,John Madden,7.1
571,divergent,"In a world divided by factions based on virtues, Tris learns she's Divergent and won't fit in. When she discovers a plot to destroy Divergents, Tris and the mysterious Four must find out what makes Divergents dangerous before it's too late.",2014,Lionsgate,85000000.0,54607747,150947895,137937923,288885818,20-Mar-14,"['Action', 'Adventure', 'Mystery', 'Sci-Fi']",2 hr 19 min,PG-13,Neil Burger,6.6
572,coming to america,"An extremely pampered African prince travels to Queens, New York and goes undercover to find a wife that he can respect for her intelligence and strong will.",1988,Paramount Pictures,,21404420,128152301,160600000,288752301,20-Mar-14,"['Action', 'Adventure', 'Mystery', 'Sci-Fi']",2 hr 19 min,PG-13,John Landis,7.1
573,elvis,"The life of American music icon Elvis Presley, from his childhood to becoming a rock and movie star in the 1950s while maintaining a complex relationship with his manager, Colonel Tom Parker.",2022,Warner Bros.,85000000.0,31211579,151040048,137630236,288670284,20-Mar-14,"['Action', 'Adventure', 'Mystery', 'Sci-Fi']",2 hr 19 min,PG-13,Baz Luhrmann,7.3
574,wedding crashers,"John Beckwith and Jeremy Grey, a pair of committed womanizers who sneak into weddings to take advantage of the romantic tinge in the air, find themselves at odds with one another when John meets and falls for Claire Cleary.",2005,New Line Cinema,40000000.0,32200000,209273411,79211724,288485135,14-Jul-05,"['Comedy', 'Romance']",1 hr 59 min,R,David Dobkin,7.0
575,maze runner: the death cure,"Young hero Thomas embarks on a mission to find a cure for a deadly disease known as ""The Flare"".",2018,Twentieth Century Fox,62000000.0,24167011,58032443,230142892,288175335,17-Jan-18,"['Action', 'Adventure', 'Sci-Fi', 'Thriller']",2 hr 23 min,PG-13,Wes Ball,6.3
576,casper,An afterlife therapist and his daughter meet a friendly young ghost when they move into a crumbling mansion in order to rid the premises of wicked spirits.,1995,Universal Pictures,,16840385,100328194,187600000,287928194,17-Jan-18,"['Action', 'Adventure', 'Sci-Fi', 'Thriller']",2 hr 23 min,PG-13,Brad Silberling,6.2
577,american pie 2,"Jim and his friends are now in college, and they decide to meet up at the beach house for some fun.",2001,Universal Pictures,30000000.0,45117985,145103595,142450000,287553595,10-Aug-01,['Comedy'],1 hr 48 min,R,J.B. Rogers,6.4
578,pitch perfect 2,"After a humiliating command performance at The Kennedy Center, the Barden Bellas enter an international competition that no American group has ever won in order to regain their status and right to perform.",2015,Universal Pictures,29000000.0,69216890,184296230,102847849,287144079,7-May-15,"['Comedy', 'Music']",1 hr 55 min,PG-13,Elizabeth Banks,6.4
579,the green mile,"A tale set on death row in a Southern jail, where gentle giant John possesses the mysterious power to heal people's ailments. When the lead guard, Paul, recognizes John's gift, he tries to help stave off the condemned man's execution.",1999,Warner Bros.,60000000.0,18017152,136801374,150000000,286801374,10-Dec-99,"['Crime', 'Drama', 'Fantasy', 'Mystery']",3 hr 9 min,R,Frank Darabont,8.6
580,oblivion,A veteran assigned to extract Earth's remaining resources begins to question what he knows about his mission and himself.,2013,Universal Pictures,120000000.0,37054485,89107235,197061337,286168572,10-Apr-13,"['Action', 'Adventure', 'Sci-Fi']",2 hr 4 min,PG-13,Joseph Kosinski,7.0
581,elysium,"In the year 2154, the very wealthy live on a man-made space station while the rest of the population resides on a ruined Earth. A man takes on a mission that could bring equality to the polarized worlds.",2013,TriStar Pictures,115000000.0,29807393,93050117,193090583,286140700,8-Aug-13,"['Action', 'Drama', 'Sci-Fi', 'Thriller']",1 hr 49 min,R,Neill Blomkamp,6.6
582,lethal weapon 4,"With personal crises and age weighing in on them, LAPD officers Riggs and Murtaugh must contend with deadly Chinese triads that are trying to free their former leaders out of prison and onto American soil.",1998,Warner Bros.,140000000.0,34048124,130444603,155000000,285444603,10-Jul-98,"['Action', 'Crime', 'Thriller']",2 hr 7 min,R,Richard Donner,6.6
583,john carter,"Transported to Barsoom, a Civil War vet discovers a barren planet seemingly inhabited by 12-foot tall barbarians. Finding himself prisoner of these creatures, he escapes, only to encounter Woola and a princess in desperate need of a savior.",2012,Walt Disney Studios Motion Pictures,250000000.0,30180188,73078100,211061000,284139100,7-Mar-12,"['Action', 'Adventure', 'Sci-Fi']",2 hr 12 min,PG-13,Andrew Stanton,6.6
584,turbo,A freak accident might just help an everyday garden snail achieve his biggest dream: winning the Indy 500.,2013,Twentieth Century Fox,135000000.0,21312625,83028128,199542554,282570682,10-Jul-13,"['Adventure', 'Animation', 'Comedy', 'Family', 'Sport']",1 hr 36 min,PG,David Soren,6.4
585,paddington,"A young Peruvian bear travels to London in search of a home. Finding himself lost and alone at Paddington Station, he meets the kindly Brown family, who offer him a temporary haven.",2014,Dimension Films,55000000.0,18966676,76271832,206167002,282438834,27-Nov-14,"['Adventure', 'Comedy', 'Family', 'Fantasy']",1 hr 35 min,PG,Paul King,7.3
586,the tourist,"Revolves around Frank, an American tourist visiting Italy to mend a broken heart. Elise is an extraordinary woman who deliberately crosses his path.",2010,Sony Pictures Entertainment (SPE),100000000.0,16472458,67631157,211149284,278780441,9-Dec-10,"['Action', 'Thriller']",1 hr 43 min,PG-13,Florian Henckel von Donnersmarck,6.0
587,split,Three girls are kidnapped by a man with a diagnosed 23 distinct personalities. They must try to escape before the apparent emergence of a frightful new 24th.,2016,Universal Pictures,9000000.0,40010975,138291365,140163052,278454417,18-Jan-17,"['Horror', 'Thriller']",1 hr 57 min,PG-13,M. Night Shyamalan,7.3
588,scary movie,"A year after disposing of the body of a man they accidentally killed, a group of dumb teenagers are stalked by a bumbling serial killer.",2000,Miramax,19000000.0,42346669,157019771,121000000,278019771,7-Jul-00,['Comedy'],1 hr 28 min,R,Keenen Ivory Wayans,6.3
589,xxx,"The US government recruits extreme sports athlete Xander Cage to infiltrate a Russian criminal ring, which is plotting the destruction of the world.",2002,Revolution Studios,70000000.0,44506103,142109382,135339000,277448382,9-Aug-02,"['Action', 'Adventure', 'Thriller']",2 hr 4 min,PG-13,Rob Cohen,5.8
590,the bourne legacy,"An expansion of the universe from Robert Ludlum's novels, centered on a new hero whose stakes have been triggered by the events of the previous three films.",2012,Universal Pictures,125000000.0,38142825,113203870,162940880,276144750,8-Aug-12,"['Action', 'Adventure', 'Thriller']",2 hr 15 min,PG-13,Tony Gilroy,6.6
591,mr. peabody & sherman,"The time-travelling adventures of an advanced canine and his adopted son, as they endeavor to fix a time rift they created.",2014,Twentieth Century Fox,145000000.0,32207057,111506430,164191609,275698039,7-Feb-14,"['Adventure', 'Animation', 'Comedy', 'Drama', 'Family', 'Fantasy', 'History', 'Sci-Fi']",1 hr 32 min,PG,,
592,scooby-doo,"After an acrimonious break up, the Mystery Inc. gang are individually brought to an island resort to investigate strange goings on.",2002,Warner Bros.,84000000.0,54155312,153322074,122356539,275678613,14-Jun-02,"['Adventure', 'Comedy', 'Family', 'Fantasy', 'Mystery']",1 hr 29 min,PG,Raja Gosnell,5.3
593,lincoln,"As the American Civil War continues to rage, America's president struggles with continuing carnage on the battlefield as he fights with many inside his own cabinet on the decision to emancipate the slaves.",2012,Walt Disney Studios Motion Pictures,65000000.0,944308,182207973,93085477,275293450,9-Nov-12,"['Biography', 'Drama', 'History', 'War']",2 hr 30 min,PG-13,Steven Spielberg,7.3
594,creed iii,"Adonis has been thriving in both his career and family life, but when a childhood friend and former boxing prodigy resurfaces, the face-off is more than just a fight.",2023,United Artists Releasing,75000000.0,58370007,156248615,119000000,275248615,9-Nov-12,"['Biography', 'Drama', 'History', 'War']",2 hr 30 min,PG-13,Michael B. Jordan,6.7
595,lara croft: tomb raider,Video game adventurer Lara Croft comes to life in a movie where she races against time and villains to recover powerful ancient artifacts.,2001,Paramount Pictures,115000000.0,47735743,131168070,143535270,274703340,15-Jun-01,"['Action', 'Adventure', 'Fantasy', 'Thriller']",1 hr 40 min,PG-13,Simon West,5.8
596,tomb raider,"Lara Croft, the fiercely independent daughter of a missing adventurer, must push herself beyond her limits when she discovers the island where her father, Lord Richard Croft disappeared.",2018,Warner Bros.,94000000.0,23633317,58250803,216400000,274650803,7-Mar-18,"['Action', 'Adventure', 'Fantasy', 'Thriller']",1 hr 59 min,PG-13,Roar Uthaug,6.3
597,the expendables,A CIA operative hires a team of mercenaries to eliminate a Latin dictator and a renegade CIA agent.,2010,Lionsgate,80000000.0,34825135,103068524,171401870,274470394,12-Aug-10,"['Action', 'Adventure', 'Thriller']",1 hr 43 min,R,Sylvester Stallone,6.4
598,cloudy with a chance of meatballs 2,"Flint Lockwood now works at The Live Corp Company for his idol Chester V. But he's forced to leave his post when he learns that his most infamous machine is still operational, and is churning out menacing food-animal hybrids.",2013,Sony Pictures Entertainment (SPE),78000000.0,34017930,119793567,154532382,274325949,26-Sep-13,"['Adventure', 'Animation', 'Comedy', 'Family', 'Fantasy', 'Sci-Fi']",1 hr 35 min,PG,"Cody Cameron, Kris Pearn",6.3
599,the nutty professor,Grossly overweight yet good-hearted professor Sherman Klump takes a special chemical that turns him into the slim but obnoxious Buddy Love.,1996,Universal Pictures,54000000.0,25411725,128814019,145147000,273961019,28-Jun-96,"['Comedy', 'Romance', 'Sci-Fi']",1 hr 35 min,PG-13,Tom Shadyac,5.7
600,jerry maguire,"When a sports agent has a moral epiphany and is fired for expressing it, he decides to put his new philosophy to the test as an independent agent with the only athlete who stays with him and his former colleague.",1996,Sony Pictures Entertainment (SPE),50000000.0,17084296,153952592,119600000,273552592,13-Dec-96,"['Comedy', 'Drama', 'Romance', 'Sport']",2 hr 19 min,R,Cameron Crowe,7.3
601,bad boys ii,Two loose-cannon narcotics cops investigate the flow of Ecstasy into Florida from a Cuban drug cartel.,2003,Sony Pictures Entertainment (SPE),130000000.0,46522560,138608444,134731112,273339556,18-Jul-03,"['Action', 'Comedy', 'Crime', 'Thriller']",2 hr 27 min,R,Michael Bay,6.6
602,lilo & stitch,"A young and parentless girl adopts a 'dog' from the local pound, completely unaware that it's supposedly a dangerous scientific experiment that's taken refuge on Earth and is now hiding from its creator and those who see it as a menace.",2002,Walt Disney Studios Motion Pictures,80000000.0,35260212,145794338,127349813,273144151,21-Jun-02,"['Adventure', 'Animation', 'Comedy', 'Drama', 'Family', 'Fantasy', 'Sci-Fi']",1 hr 25 min,PG,"Dean DeBlois, Chris Sanders",7.3
603,the silence of the lambs,"A young F.B.I. cadet must receive the help of an incarcerated and manipulative cannibal killer to help catch another serial killer, a madman who skins his victims.",1991,Orion Pictures,19000000.0,13766814,130742922,142000000,272742922,14-Feb-91,"['Crime', 'Drama', 'Thriller']",1 hr 58 min,,Jonathan Demme,8.6
604,grown ups,"After their high school basketball coach passes away, five good friends and former teammates reunite for a Fourth of July holiday weekend.",2010,Sony Pictures Entertainment (SPE),80000000.0,40506562,162001186,109456115,271457301,24-Jun-10,['Comedy'],1 hr 42 min,PG-13,Dennis Dugan,6.0
605,neighbors,"After they are forced to live next to a fraternity house, a couple with a newborn baby do whatever they can to take them down.",2014,Universal Pictures,18000000.0,49033915,150157400,120507734,270665134,8-May-14,['Comedy'],1 hr 37 min,R,Nicholas Stoller,6.3
606,the firm,A young lawyer joins a prestigious law firm only to discover that it has a sinister dark side.,1993,Paramount Pictures,,25400000,158348367,111900000,270248367,8-May-14,['Comedy'],1 hr 37 min,R,Sydney Pollack,6.9
607,we're the millers,A veteran pot dealer creates a fake family as part of his plan to move a huge shipment of weed into the U.S. from Mexico.,2013,Warner Bros.,37000000.0,26419396,150394119,119600000,269994119,29-Aug-12,"['Comedy', 'Crime']",1 hr 50 min,R,Rawson Marshall Thurber,7.0
608,gran torino,"After a Hmong teenager tries to steal his prized 1972 Gran Torino, a disgruntled, prejudiced Korean War veteran seeks to redeem both the boy and himself.",2008,Warner Bros.,33000000.0,271720,148095302,121862926,269958228,12-Dec-08,['Drama'],1 hr 56 min,R,Clint Eastwood,8.1
609,"10,000 bc","In the prehistoric past, D'Leh is a mammoth hunter who bonds with the beautiful Evolet. When warriors on horseback capture Evolet and the tribesmen, D'Leh must embark on an odyssey to save his true love.",2008,Warner Bros.,105000000.0,35867488,94784201,175000000,269784201,5-Mar-08,"['Action', 'Adventure', 'Drama', 'Fantasy', 'History']",1 hr 49 min,PG-13,Roland Emmerich,5.1
610,american gangster,"An outcast New York City cop is charged with bringing down Harlem drug lord Frank Lucas, whose real life inspired this partly biographical film.",2007,Universal Pictures,100000000.0,43565135,130164645,139590785,269755430,2-Nov-07,"['Biography', 'Crime', 'Drama']",2 hr 37 min,R,Ridley Scott,7.8
611,the flash,"Barry Allen uses his super speed to change the past, but his attempt to save his family creates a world without super heroes, forcing him to race for his life in order to save the future.",2023,Warner Bros.,200000000.0,55043679,108133313,160400000,268533313,2-Nov-07,"['Biography', 'Crime', 'Drama']",2 hr 37 min,R,Andy Muschietti,6.6
612,epic,A teenager finds herself transported to a deep forest setting where a battle between the forces of good and evil is taking place. She bands together with a ragtag group of characters to save their world--and ours.,2013,Twentieth Century Fox,100000000.0,33531068,107518682,160907952,268426634,16-May-13,"['Action', 'Adventure', 'Animation', 'Family', 'Fantasy', 'Mystery']",1 hr 42 min,PG,Chris Wedge,6.6
613,exodus: gods and kings,"The defiant leader Moses rises up against Egyptian Pharaoh Ramses II, setting six hundred thousand slaves on a monumental journey of escape from Egypt and its terrifying cycle of deadly plagues.",2014,Twentieth Century Fox,140000000.0,24115934,65014513,203161118,268175631,4-Dec-14,"['Action', 'Adventure', 'Drama', 'Fantasy']",2 hr 30 min,PG-13,Ridley Scott,6.0
614,blade runner 2049,"Young Blade Runner K's discovery of a long-buried secret leads him to track down former Blade Runner Rick Deckard, who's been missing for thirty years.",2017,Warner Bros.,150000000.0,32753122,92071675,175699033,267770708,4-Oct-17,"['Action', 'Drama', 'Mystery', 'Sci-Fi', 'Thriller']",2 hr 44 min,R,Denis Villeneuve,8.0
615,bambi,The story of a young deer growing up in the forest.,1942,RKO Radio Pictures,150000000.0,August 21 1942 (Domestic),102247150,165200000,267447150,4-Oct-17,"['Action', 'Drama', 'Mystery', 'Sci-Fi', 'Thriller']",2 hr 44 min,R,"James Algar, Samuel Armstrong, David Hand",7.3
616,the princess and the frog,"A waitress, desperate to fulfill her dreams as a restaurant owner, is set on a journey to turn a frog prince back into a human being, but she has to face the same problem after she kisses him.",2009,Walt Disney Studios Motion Pictures,105000000.0,786190,104400899,162644866,267045765,25-Nov-09,"['Adventure', 'Animation', 'Comedy', 'Family', 'Fantasy', 'Musical', 'Romance']",1 hr 37 min,,"Ron Clements, John Musker",7.2
617,batman returns,"While Batman deals with a deformed man calling himself the Penguin wreaking havoc across Gotham with the help of a cruel businessman, a female employee of the latter becomes the Catwoman with her own vendetta.",1992,Warner Bros.,80000000.0,45687711,162924631,103990656,266915287,19-Jun-92,"['Action', 'Crime', 'Fantasy']",2 hr 6 min,PG-13,Tim Burton,7.1
618,indecent proposal,"A billionaire offers $1,000,000 to a young married couple for one night with the wife.",1993,Paramount Pictures,,18387632,106614059,160000000,266614059,19-Jun-92,"['Action', 'Crime', 'Fantasy']",2 hr 6 min,PG-13,Adrian Lyne,6.0
619,something's gotta give,A swinger on the cusp of being a senior citizen with a taste for young women falls in love with an accomplished woman closer to his age.,2003,Sony Pictures Entertainment (SPE),80000000.0,16064723,124728738,140600000,265328738,12-Dec-03,"['Comedy', 'Drama', 'Romance']",2 hr 8 min,PG-13,Nancy Meyers,6.7
620,bridget jones: the edge of reason,"After finding love, Bridget Jones questions if she really has everything she'd ever dreamed of having.",2004,Universal Pictures,40000000.0,8684055,40226215,224900703,265126918,11-Nov-04,"['Comedy', 'Drama', 'Romance']",1 hr 48 min,R,Beeban Kidron,6.0
621,the incredible hulk,"Bruce Banner, a scientist on the run from the U.S. Government, must find a cure for the monster he turns into whenever he loses his temper.",2008,Universal Pictures,150000000.0,55414050,134806913,129964083,264770996,11-Jun-08,"['Action', 'Adventure', 'Sci-Fi']",1 hr 52 min,PG-13,Louis Leterrier,6.6
622,waterworld,"In a future where the polar ice-caps have melted and Earth is almost entirely submerged, a mutated mariner fights starvation and outlaw ""smokers,"" and reluctantly helps a woman and a young girl try to find dry land.",1995,Universal Pictures,175000000.0,21171780,88246220,175972000,264218220,28-Jul-95,"['Action', 'Adventure', 'Sci-Fi']",2 hr 15 min,PG-13,Kevin Reynolds,6.3
623,the truman show,An insurance salesman discovers his whole life is actually a reality TV show.,1998,Paramount Pictures,,31542121,125618201,138500511,264118712,28-Jul-95,"['Action', 'Adventure', 'Sci-Fi']",2 hr 15 min,PG-13,Peter Weir,8.2
624,charlie's angels,"Three women, detectives with a mysterious boss, retrieve stolen voice-ID software, using martial arts, tech skills, and sex appeal.",2000,Sony Pictures Entertainment (SPE),93000000.0,40128550,125305545,138800000,264105545,3-Nov-00,"['Action', 'Adventure', 'Comedy', 'Crime', 'Thriller']",1 hr 38 min,PG-13,McG,5.6
625,the fifth element,"In the colorful future, a cab driver unwittingly becomes the central figure in the search for a legendary cosmic weapon to keep Evil and Mr. Zorg at bay.",1997,Sony Pictures Entertainment (SPE),95000000.0,17031345,63820180,200100000,263920180,3-Nov-00,"['Action', 'Adventure', 'Comedy', 'Crime', 'Thriller']",1 hr 38 min,PG-13,Luc Besson,7.6
626,jumanji,"When two kids find and play a magical board game, they release a man trapped in it for decades - and a host of dangers that can only be stopped by finishing the game.",1995,Sony Pictures Entertainment (SPE),65000000.0,11084370,100499940,162322000,262821940,15-Dec-95,"['Adventure', 'Comedy', 'Family', 'Fantasy']",1 hr 44 min,PG,Joe Johnston,7.1
627,parasite,Greed and class discrimination threaten the newly formed symbiotic relationship between the wealthy Park family and the destitute Kim clan.,2019,Neon,11400000.0,393216,53369749,209311533,262681282,30-May-19,"['Drama', 'Thriller']",2 hr 12 min,R,Bong Joon Ho,8.5
628,borat,"Kazakh TV talking head Borat is dispatched to the United States to report on the greatest country in the world. With a documentary crew in tow, Borat becomes more interested in locating and marrying Pamela Anderson.",2006,Twentieth Century Fox,18000000.0,26455463,128505958,134046935,262552893,23-Feb-06,['Comedy'],1 hr 24 min,R,Larry Charles,7.4
629,robots,"In a robot world, a young idealistic inventor travels to the big city to join his inspiration's company, only to find himself opposing its sinister new management.",2005,Twentieth Century Fox,75000000.0,36045301,128200012,134311478,262511490,10-Mar-05,"['Adventure', 'Animation', 'Comedy', 'Family', 'Romance', 'Sci-Fi']",1 hr 31 min,PG,"Chris Wedge, Carlos Saldanha",6.4
630,knight and day,A young woman gets mixed up with a disgraced spy who is trying to clear his name.,2010,"$117,000,000 ",75000000.0,February 28 2008 (South Korea),76423035,185566734,261989769,10-Mar-05,"['Adventure', 'Animation', 'Comedy', 'Family', 'Romance', 'Sci-Fi']",1 hr 31 min,PG,James Mangold,6.3
631,total recall,"When a man goes in to have virtual vacation memories of the planet Mars implanted in his mind, an unexpected and harrowing series of events forces him to go to the planet for real - or is he?",1990,Sony Pictures Entertainment (SPE),65000000.0,25533700,119412921,141905000,261317921,1-Jun-90,"['Action', 'Adventure', 'Sci-Fi']",1 hr 53 min,,Paul Verhoeven,7.5
632,this is it,"A compilation of interviews, rehearsals, and backstage footage of Michael Jackson as he prepared for his series of sold-out shows in London.",2009,Sony Pictures Entertainment (SPE),,23234394,72091016,189092572,261183588,1-Jun-90,"['Action', 'Adventure', 'Sci-Fi']",1 hr 53 min,,Kenny Ortega,7.2
633,terminator: dark fate,"An augmented human and Sarah Connor must stop an advanced liquid Terminator from hunting down a young girl, whose fate is critical to the human race.",2019,Paramount Pictures,185000000.0,29033832,62253077,198866215,261119292,23-Oct-19,"['Action', 'Adventure', 'Sci-Fi']",2 hr 8 min,R,Tim Miller,6.2
634,the lone ranger,"Native American warrior Tonto recounts the untold tales that transformed John Reid, a man of the law, into a legend of justice.",2013,Walt Disney Studios Motion Pictures,215000000.0,29210849,89302115,171200000,260502115,3-Jul-13,"['Action', 'Adventure', 'Western']",2 hr 30 min,PG-13,Gore Verbinski,6.4
635,super 8,"During the summer of 1979, a group of friends witness a train crash and investigate subsequent unexplained events in their small town.",2011,Paramount Pictures,50000000.0,35451168,127004179,133091807,260095986,9-Jun-11,"['Action', 'Mystery', 'Sci-Fi', 'Thriller']",1 hr 52 min,PG-13,J.J. Abrams,7.0
636,halloween,"Laurie Strode confronts her long-time foe, Michael Myers, the masked figure who has haunted her since she narrowly escaped his killing spree on Halloween night four decades ago.",2018,Universal Pictures,10000000.0,76221545,159342015,100597820,259939835,17-Oct-18,"['Crime', 'Horror', 'Thriller']",1 hr 46 min,R,David Gordon Green,6.5
637,mojin: the lost legend,"In 1969 PRChina, two men survive a supernatural tomb. They later become tomb raiders with Shirley/Shu Qi. 20 years later in NYC, one is hired to find that tomb again and the 2 friends follow later.",2015,Well Go USA Entertainment,37000000.0,279974,1243810,258124638,259368448,17-Dec-15,"['Action', 'Adventure', 'Drama', 'Fantasy', 'Horror', 'Mystery', 'Thriller']",2 hr 7 min,,Wuershan,5.9
638,charlie's angels: full throttle,The Angels investigate a series of murders which occur after the theft of a witness protection profile database.,2003,Sony Pictures Entertainment (SPE),120000000.0,37634221,100830111,158345677,259175788,26-Jun-03,"['Action', 'Adventure', 'Comedy', 'Crime']",1 hr 46 min,PG-13,McG,4.9
639,rush hour 3,"After an attempted assassination on Ambassador Han, Lee and Carter head to Paris to protect a French woman with knowledge of the Triads' secret leaders.",2007,New Line Cinema,140000000.0,50237000,140125968,117971154,258097122,8-Aug-07,"['Action', 'Comedy', 'Crime', 'Thriller']",1 hr 31 min,PG-13,Brett Ratner,6.2
640,the full monty,"Six unemployed steel workers form a male striptease act. The women cheer them on to go for ""the full monty"" - total nudity.",1997,Fox Searchlight,3500000.0,176585,45950122,211988527,257938649,15-Aug-97,"['Comedy', 'Drama']",1 hr 31 min,R,Peter Cattaneo,7.2
641,kung fu yoga,"Two professors team up to locate a lost treasure and embark on an adventure that takes them from a Tibetan ice cave to Dubai, and to a mountain temple in India.",2017,Well Go USA Entertainment,65000000.0,111979,362657,257391232,257753889,26-Jan-17,"['Action', 'Adventure', 'Comedy', 'Family', 'Fantasy', 'Mystery']",1 hr 47 min,,Stanley Tong,5.2
642,annabelle,A couple begins to experience terrifying supernatural occurrences involving a vintage doll shortly after their home is invaded by satanic cultists.,2014,Warner Bros.,6500000.0,37134255,84284252,173305469,257589721,23-Sep-14,"['Horror', 'Mystery', 'Thriller']",1 hr 39 min,R,John R. Leonetti,5.5
643,encanto,A Colombian teenage girl has to face the frustration of being the only member of her family without magical powers.,2021,Walt Disney Studios Motion Pictures,150000000.0,27206494,96093622,160693120,256786742,23-Sep-14,"['Horror', 'Mystery', 'Thriller']",1 hr 39 min,R,"Jared Bush, Byron Howard, Charise Castro Smith",7.2
644,the village,A series of events tests the beliefs of a small isolated countryside village.,2004,Walt Disney Studios Motion Pictures,60000000.0,50746142,114197520,142500000,256697520,13-Aug-03,"['Drama', 'Mystery', 'Thriller']",1 hr 48 min,PG-13,M. Night Shyamalan,6.6
645,lost in hong kong,"The film follows Xu Lai, a former artist whose dreams were dashed when the responsibilities of life set in. With his life now revolving around his wife Cai Bo who is obsessed with having children, the quirks of his eccentric family and his mediocre, ordinary existence, Xu Lai hopes to reconnect with his first love Yang YIi on an upcoming vacation. However, his hopes are dashed when he finds himself wrapped up in a murder investigation that proves truth is often stranger than fiction.",2015,Well Go USA Entertainment,,537736,1302281,254981631,256283912,13-Aug-03,"['Drama', 'Mystery', 'Thriller']",1 hr 48 min,PG-13,Zheng Xu,5.4
646,erin brockovich,An unemployed single mother becomes a legal assistant and almost single-handedly brings down a California power company accused of polluting a city's water supply.,2000,Universal Pictures,52000000.0,28138465,125595205,130676081,256271286,17-Mar-00,"['Biography', 'Drama']",2 hr 11 min,R,Steven Soderbergh,7.4
647,us,A family's serene beach vacation turns to chaos when their doppelgängers appear and begin to terrorize them.,2019,Universal Pictures,20000000.0,71117625,175084580,80982569,256067149,20-Mar-19,"['Horror', 'Mystery', 'Thriller']",1 hr 56 min,R,Jordan Peele,6.8
648,pegasus,An old-time racing champion tries to come back to the race track.,2019,"January 31, 2019 (Australia)",20000000.0,1 hr 38 min,255863112,255863112,256067149,20-Mar-19,"['Horror', 'Mystery', 'Thriller']",1 hr 56 min,R,Han Han,6.3
649,get out,"A young African-American visits his White girlfriend's parents for the weekend, where his simmering uneasiness about their reception of him eventually reaches a boiling point.",2017,"$4,500,000 ",20000000.0,February 18 2016 (South Korea),176196665,79548492,255745157,20-Mar-19,"['Horror', 'Mystery', 'Thriller']",1 hr 56 min,R,Jordan Peele,7.8
650,marley & me,"A family learns important life lessons from their adorable, but naughty and neurotic dog.",2008,Twentieth Century Fox,,36357586,143153751,112589342,255743093,20-Mar-19,"['Horror', 'Mystery', 'Thriller']",1 hr 56 min,R,David Frankel,7.0
651,cliffhanger,A botched mid-air heist results in suitcases full of cash being searched for by various groups throughout the Rocky Mountains.,1993,TriStar Pictures,70000000.0,16176967,84049211,170951000,255000211,28-May-93,"['Action', 'Adventure', 'Thriller']",1 hr 53 min,R,Renny Harlin,6.5
652,baahubali 2: the conclusion,"Amarendra Baahubali, the heir apparent to the throne of Mahishmati, finds his life and relationships endangered as his adoptive brother Bhallaladeva conspires to claim the throne.",2017,Great India Films,,10430497,20186659,233971731,254158390,28-May-93,"['Action', 'Adventure', 'Thriller']",1 hr 53 min,R,S.S. Rajamouli,8.2
653,babe,"Babe, a pig raised by sheepdogs on a rural English farm, learns to herd sheep with a little help from Farmer Hoggett.",1995,Universal Pictures,,8742545,63658910,190476000,254134910,28-May-93,"['Action', 'Adventure', 'Thriller']",1 hr 53 min,R,Chris Noonan,6.9
654,men in black: international,"The Men in Black have always protected the Earth from the scum of the universe. In this new adventure, they tackle their biggest threat to date: a mole in the Men in Black organization.",2019,Sony Pictures Entertainment (SPE),110000000.0,30035838,80001807,173888894,253890701,12-Jun-19,"['Action', 'Adventure', 'Comedy', 'Sci-Fi']",1 hr 54 min,PG-13,F. Gary Gray,5.6
655,wild hogs,"A group of suburban biker wannabes looking for adventure hit the open road, but get more than they bargained for when they encounter a New Mexico gang called the Del Fuegos.",2007,Walt Disney Studios Motion Pictures,,39699023,168273550,85351877,253625427,12-Jun-19,"['Action', 'Adventure', 'Comedy', 'Sci-Fi']",1 hr 54 min,PG-13,Walt Becker,5.9
656,high school musical 3: senior year,"As seniors in high school, Troy and Gabriella struggle with the idea of being separated from one another as college approaches. Along with the rest of the Wildcats, they stage a spring musical to address their experiences, hopes and fears about their future.",2008,Walt Disney Studios Motion Pictures,11000000.0,42030184,90559416,162349761,252909177,22-Oct-08,"['Comedy', 'Drama', 'Family', 'Music', 'Musical', 'Romance']",1 hr 52 min,G,Kenny Ortega,5.0
657,hercules,The son of Zeus and Hera is stripped of his immortality as an infant and must become a true hero in order to reclaim it.,1997,Walt Disney Studios Motion Pictures,85000000.0,249567,99112101,153600000,252712101,15-Jun-97,"['Adventure', 'Animation', 'Comedy', 'Family', 'Fantasy', 'Musical', 'Romance']",1 hr 33 min,,"Ron Clements, John Musker",7.3
658,dark phoenix,"Jean Grey begins to develop incredible powers that corrupt and turn her into a Dark Phoenix, causing the X-Men to decide if her life is worth more than all of humanity.",2019,Twentieth Century Fox,200000000.0,32828348,65845974,186597000,252442974,5-Jun-19,"['Action', 'Adventure', 'Sci-Fi']",1 hr 53 min,PG-13,Simon Kinberg,5.7
659,true grit,A stubborn teenager enlists the help of a tough U.S. Marshal to track down her father's murderer.,2010,Paramount Pictures,38000000.0,24830443,171243005,81033922,252276927,22-Dec-10,"['Drama', 'Western']",1 hr 50 min,PG-13,"Ethan Coen, Joel Coen",7.6
660,dolittle,A physician who can talk to animals embarks on an adventure to find a legendary island with a young apprentice and a crew of strange pets.,2020,Universal Pictures,175000000.0,21844045,77047065,174363566,251410631,8-Jan-20,"['Adventure', 'Comedy', 'Family', 'Fantasy']",1 hr 41 min,PG,Stephen Gaghan,5.6
661,bean,The bumbling Mr. Bean travels to America when he is given the responsibility of bringing a highly valuable painting to a Los Angeles museum.,1997,Gramercy Pictures (I),18000000.0,2255233,45319423,205893247,251212670,17-Oct-97,"['Adventure', 'Comedy', 'Family']",1 hr 29 min,PG-13,Mel Smith,6.5
662,american hustle,"A con man, Irving Rosenfeld, along with his seductive partner Sydney Prosser, is forced to work for a wild F.B.I. Agent, Richie DiMaso, who pushes them into a world of Jersey powerbrokers and the Mafia.",2013,Sony Pictures Entertainment (SPE),40000000.0,740455,150117807,101054000,251171807,12-Dec-13,"['Crime', 'Drama']",2 hr 18 min,R,David O. Russell,7.2
663,enemy of the state,A lawyer becomes targeted by a corrupt politician and his N.S.A. goons when he accidentally receives key evidence to a politically motivated crime.,1998,Walt Disney Studios Motion Pictures,90000000.0,20038573,111549836,139299953,250849789,20-Nov-98,"['Action', 'Thriller']",2 hr 12 min,R,Tony Scott,7.3
664,you've got mail,"Book superstore magnate Joe Fox and independent book shop owner Kathleen Kelly fall in love in the anonymity of the Internet, both blissfully unaware that he's trying to put her out of business.",1998,Warner Bros.,65000000.0,18426749,115821495,135000000,250821495,18-Dec-98,"['Comedy', 'Drama', 'Romance']",1 hr 59 min,PG,Nora Ephron,6.7
665,eragon,"In his homeland of Alagaesia, a farm boy happens upon a dragon's egg -- a discovery that leads him on a predestined journey where he realizes he's the one person who can defend his home against an evil king.",2006,Twentieth Century Fox,100000000.0,23239907,75030163,175395349,250425512,13-Dec-06,"['Action', 'Adventure', 'Family', 'Fantasy']",1 hr 44 min,PG,Stefen Fangmeier,5.1
666,brother bear,"When a young Inuit hunter needlessly kills a bear, he is magically changed into a bear himself as punishment with a talkative cub being his only guide to changing back.",2003,Walt Disney Studios Motion Pictures,,291940,85336277,165061521,250397798,13-Dec-06,"['Action', 'Adventure', 'Family', 'Fantasy']",1 hr 44 min,PG,"Aaron Blaise, Robert Walker",6.9
667,the godfather,"Don Vito Corleone, head of a mafia family, decides to hand over his empire to his youngest son Michael. However, his decision unintentionally puts the lives of his loved ones in grave danger.",1972,Paramount Pictures,6000000.0,302393,136381073,113960743,250341816,15-Mar-72,"['Crime', 'Drama']",2 hr 55 min,,Francis Ford Coppola,9.2
668,the mask of zorro,"A young thief seeking revenge for his brother's death is trained by the once-great, aging Zorro, who is pursuing his own vengeance.",1998,Sony Pictures Entertainment (SPE),95000000.0,22525855,94095523,156193000,250288523,17-Jul-98,"['Action', 'Adventure', 'Comedy', 'Romance', 'Thriller', 'Western']",2 hr 16 min,PG-13,Martin Campbell,6.8
669,the bad guys,"To avoid prison, a gang of notorious animal criminals pretends to seek being rehabilitated, only for their leader to realize that he genuinely wants to change his ways.",2022,Universal Pictures,70000000.0,23950245,97233630,152928648,250162278,17-Jul-98,"['Action', 'Adventure', 'Comedy', 'Romance', 'Thriller', 'Western']",2 hr 16 min,PG-13,Pierre Perifel,6.8
670,the ring,A journalist must investigate a mysterious videotape which seems to cause the death of anyone one week to the day after they view it.,2002,DreamWorks Distribution,48000000.0,15015393,129128133,120220800,249348933,18-Oct-02,"['Horror', 'Mystery']",1 hr 55 min,PG-13,Gore Verbinski,7.1
671,the blair witch project,"Three film students vanish after traveling into a Maryland forest to film a documentary on the local Blair Witch legend, leaving only their footage behind.",1999,Artisan Entertainment,60000.0,1512054,140539099,108100000,248639099,16-Jul-99,"['Horror', 'Mystery']",1 hr 21 min,R,"Daniel Myrick, Eduardo Sánchez",6.5
672,unbreakable,A man learns something extraordinary about himself after a devastating accident.,2000,Walt Disney Studios Motion Pictures,75000000.0,30330771,95011339,153106782,248118121,22-Nov-00,"['Drama', 'Mystery', 'Sci-Fi', 'Thriller']",1 hr 46 min,PG-13,M. Night Shyamalan,7.3
673,love actually,"Follows the lives of eight very different couples in dealing with their love lives in various loosely interrelated tales all set during a frantic month before Christmas in London, England.",2003,Universal Pictures,40000000.0,6886080,59696144,188237104,247933248,7-Nov-03,"['Comedy', 'Drama', 'Romance']",2 hr 15 min,R,Richard Curtis,7.6
674,journey to the west: the demons strike back,A monk and his three disciples continue on their journey to battle demons.,2017,Sony Pictures Entertainment (SPE),,463883,880346,246704898,247585244,7-Nov-03,"['Comedy', 'Drama', 'Romance']",2 hr 15 min,R,Hark Tsui,5.4
675,dumb and dumber,"After a woman leaves a briefcase at the airport terminal, a dumb limo driver and his dumber friend set out on a hilarious cross-country road trip to Aspen to return it.",1994,New Line Cinema,17000000.0,16363442,127190327,120100000,247290327,16-Dec-94,['Comedy'],1 hr 47 min,,"Peter Farrelly, Bobby Farrelly",7.3
676,glass,"Security guard David Dunn uses his supernatural abilities to track Kevin Wendell Crumb, a disturbed man who has twenty-four personalities.",2019,Universal Pictures,20000000.0,40328920,111048468,135950571,246999039,16-Jan-19,"['Drama', 'Horror', 'Sci-Fi', 'Thriller']",2 hr 9 min,PG-13,M. Night Shyamalan,6.6
677,grown ups 2,"After moving his family back to his hometown to be with his friends and their kids, Lenny finds out that between old bullies, new bullies, schizo bus drivers, drunk cops on skis, and four hundred costumed party crashers sometimes crazy follows you.",2013,Sony Pictures Entertainment (SPE),80000000.0,41508572,133668525,113315753,246984278,11-Jul-13,['Comedy'],1 hr 41 min,PG-13,Dennis Dugan,5.4
678,the peanuts movie,"Snoopy embarks upon his greatest mission as he and his team take to the skies to pursue their archnemesis, while his best pal Charlie Brown begins his own epic quest back home to win the love of his life.",2015,Twentieth Century Fox,99000000.0,44213073,130178411,116054702,246233113,29-Oct-15,"['Adventure', 'Animation', 'Comedy', 'Drama', 'Family']",1 hr 28 min,G,Steve Martino,7.0
679,rango,"Rango is an ordinary chameleon who accidentally winds up in the town of Dirt, a lawless outpost in the Wild West in desperate need of a new sheriff.",2011,Paramount Pictures,135000000.0,38079323,123477607,122246996,245724603,2-Mar-11,"['Action', 'Adventure', 'Animation', 'Comedy', 'Family', 'Western']",1 hr 47 min,PG,Gore Verbinski,7.3
680,four weddings and a funeral,"Over the course of five social occasions, a committed bachelor must consider the notion that he may have discovered love.",1994,Gramercy Pictures (I),4400000.0,138486,52700832,193000000,245700832,11-Mar-94,"['Comedy', 'Drama', 'Romance']",1 hr 57 min,R,Mike Newell,7.1
681,face/off,"To foil a terrorist plot, an FBI agent assumes the identity of the criminal who murdered his son through facial transplant surgery, but the crook wakes up prematurely and vows revenge.",1997,Paramount Pictures,80000000.0,23387530,112276146,133400000,245676146,27-Jun-97,"['Action', 'Crime', 'Sci-Fi', 'Thriller']",2 hr 18 min,R,John Woo,7.3
682,teenage mutant ninja turtles: out of the shadows,"The Turtles get into another battle with their enemy the Shredder, who has acquired new allies: the mutant thugs Bebop and Rocksteady and the alien being Krang.",2016,Paramount Pictures,135000000.0,35316382,82051601,163572247,245623848,2-Jun-16,"['Action', 'Adventure', 'Comedy', 'Sci-Fi']",1 hr 52 min,PG-13,Dave Green,5.9
683,dark shadows,"An imprisoned vampire, Barnabas Collins, is set free and returns to his ancestral home, where his dysfunctional descendants are in need of his protection.",2012,Warner Bros.,150000000.0,29685274,79727149,165800000,245527149,9-May-12,"['Comedy', 'Family', 'Fantasy', 'Horror']",1 hr 53 min,PG-13,Tim Burton,6.2
684,hulk,"Bruce Banner, a genetics researcher with a tragic past, suffers an accident that causes him to transform into a raging green monster when he gets angry.",2003,Universal Pictures,137000000.0,62128420,132177234,113107931,245285165,19-Jun-03,"['Action', 'Sci-Fi']",2 hr 18 min,PG-13,Ang Lee,5.6
685,the bravest,Chinese firefighters struggle to contain a huge fire after an oil pipeline explodes.,2019,Sony Pictures Entertainment (SPE),,110375,290217,244889345,245179562,19-Jun-03,"['Action', 'Sci-Fi']",2 hr 18 min,PG-13,Tony Chan,5.7
686,welcome to the sticks,"A French public servant from Provence is banished to the far North. Strongly prejudiced against this cold and inhospitable place, he leaves his family behind to relocate temporarily there, with the firm intent to quickly come back.",2008,,,February 27 2008 (EMEA),245144417,245144417,245179562,19-Jun-03,"['Action', 'Sci-Fi']",2 hr 18 min,PG-13,Dany Boon,7.1
687,back to the future part iii,"Stranded in 1955, Marty McFly learns about the death of Doc Brown in 1885 and must travel back in time to save him. With no fuel readily available for the DeLorean, the two must figure how to escape the Old West before Emmett is murdered.",1990,Universal Pictures,40000000.0,19089645,88277583,156800000,245077583,25-May-90,"['Adventure', 'Comedy', 'Sci-Fi', 'Western']",1 hr 58 min,,Robert Zemeckis,7.4
688,pixels,"When aliens misinterpret video feeds of classic arcade games as a declaration of war, they attack the Earth in the form of the video games.",2015,Sony Pictures Entertainment (SPE),88000000.0,24011616,78747585,166127224,244874809,16-Jul-15,"['Action', 'Comedy', 'Fantasy', 'Sci-Fi']",1 hr 45 min,PG-13,Chris Columbus,5.6
689,hercules,"Having endured his legendary twelve labors, Hercules, the Greek demigod, has his life as a sword-for-hire tested when the King of Thrace and his daughter seek his aid in defeating a tyrannical warlord.",2014,Paramount Pictures,100000000.0,29800263,72688614,172131248,244819862,23-Jul-14,"['Action', 'Adventure', 'Fantasy']",1 hr 38 min,PG-13,Brett Ratner,6.0
690,rush hour,"A loyal and dedicated Hong Kong Inspector teams up with a reckless and loudmouthed L.A.P.D. detective to rescue the Chinese Consul's kidnapped daughter, while trying to arrest a dangerous crime lord along the way.",1998,New Line Cinema,33000000.0,33001803,141186864,103534200,244721064,18-Sep-98,"['Action', 'Comedy', 'Crime', 'Thriller']",1 hr 38 min,PG-13,Brett Ratner,7.0
691,journey to the center of the earth,"On a quest to find out what happened to his missing brother, a scientist, his nephew and their mountain guide discover a fantastic and dangerous lost world in the center of the earth.",2008,Warner Bros.,60000000.0,21018141,101704370,142528318,244232688,10-Jul-08,"['Action', 'Adventure', 'Family', 'Fantasy', 'Sci-Fi']",1 hr 33 min,PG,Eric Brevig,5.8
692,after earth,"A crash landing leaves Kitai Raige and his father Cypher stranded on Earth, a millennium after events forced humanity's escape. With Cypher injured, Kitai must embark on a perilous journey to signal for help.",2013,Sony Pictures Entertainment (SPE),130000000.0,27520040,60522097,183089885,243611982,30-May-13,"['Action', 'Adventure', 'Sci-Fi']",1 hr 40 min,PG-13,M. Night Shyamalan,4.8
693,a few good men,Military lawyer Lieutenant Daniel Kaffee defends Marines accused of murder. They contend they were acting under orders.,1992,Columbia Pictures,41000000.0,15517468,141340178,101900000,243240178,11-Dec-92,"['Drama', 'Thriller']",2 hr 18 min,R,Rob Reiner,7.7
694,cloudy with a chance of meatballs,A local scientist is often regarded as a failure until he invents a machine that can make food fall from the sky. But little does he know that things are about to take a turn for the worst.,2009,Sony Pictures Entertainment (SPE),100000000.0,30304648,124870275,118135851,243006126,16-Sep-09,"['Adventure', 'Animation', 'Comedy', 'Family', 'Fantasy', 'Sci-Fi']",1 hr 30 min,PG,"Phil Lord, Christopher Miller",6.9
695,8 mile,"Follows a young rapper in the Detroit area, struggling with every aspect of his life, wants to make it big but his friends and foes make this odyssey of rap harder than it may seem.",2002,Universal Pictures,41000000.0,51240555,116750901,126124177,242875078,8-Nov-02,"['Drama', 'Music']",1 hr 50 min,R,Curtis Hanson,7.2
696,daddy's home,"Brad Whitaker is a radio host trying to get his stepchildren to love him and call him Dad. But his plans turn upside down when their biological father, Dusty Mayron, returns.",2015,Paramount Pictures,,38740203,150357137,92429000,242786137,8-Nov-02,"['Drama', 'Music']",1 hr 50 min,R,Sean Anders,6.2
697,robocop,"In 2028 Detroit, when Alex Murphy, a loving husband, father and good cop, is critically injured in the line of duty, the multinational conglomerate OmniCorp sees their chance for a part-man, part-robot police officer.",2014,Sony Pictures Entertainment (SPE),100000000.0,21681430,58607007,184081958,242688965,30-Jan-14,"['Action', 'Crime', 'Sci-Fi', 'Thriller']",1 hr 57 min,PG-13,José Padilha,6.1
698,eraser,A Witness Protection specialist becomes suspicious of his co-workers when dealing with a case involving high-tech weapons.,1996,Warner Bros.,100000000.0,24566446,101295562,141000000,242295562,21-Jun-96,"['Action', 'Crime', 'Thriller']",1 hr 55 min,R,Chuck Russell,6.2
699,alien: covenant,"The crew of a colony ship, bound for a remote planet, discover an uncharted paradise with a threat beyond their imagination, and must attempt a harrowing escape.",2017,Twentieth Century Fox,97000000.0,36160621,74262031,166629732,240891763,9-May-17,"['Horror', 'Sci-Fi', 'Thriller']",2 hr 2 min,R,Ridley Scott,6.4
700,sully,"When pilot Chesley ""Sully"" Sullenberger lands his damaged plane on the Hudson River in order to save the flight's passengers and crew, some consider him a hero while others think he was reckless.",2016,Warner Bros.,60000000.0,35028301,125070033,115727590,240797623,8-Sep-16,"['Biography', 'Drama']",1 hr 36 min,PG-13,Clint Eastwood,7.4
701,assassin's creed,"Callum Lynch explores the memories of his ancestor Aguilar de Nerha and gains the skills of a Master Assassin, before taking on the secret Templar society.",2016,Twentieth Century Fox,125000000.0,10278225,54647948,186049908,240697856,21-Dec-16,"['Action', 'Adventure', 'Sci-Fi']",1 hr 55 min,PG-13,Justin Kurzel,5.6
702,click,A workaholic architect finds a universal remote that allows him to fast-forward and rewind to different parts of his life. Complications arise when the remote starts to overrule his choices.,2006,Revolution Studios,82500000.0,40011365,137355633,103329693,240685326,22-Jun-06,"['Comedy', 'Drama', 'Fantasy', 'Romance']",1 hr 47 min,PG-13,Frank Coraci,6.4
703,legend of deification,"Banished to the mortal world, a warrior has to slay a demon to return to the heavenly realm and become a god.",2020,Well Go USA Entertainment,82500000.0,October 1 2020 (3 markets),214670,240431685,240646355,22-Jun-06,"['Comedy', 'Drama', 'Fantasy', 'Romance']",1 hr 47 min,PG-13,,
704,planes,A cropdusting plane with a fear of heights lives his dream of competing in a famous around-the-world aerial race.,2013,Walt Disney Studios Motion Pictures,50000000.0,22232291,90288712,149883071,240171783,9-Aug-13,"['Adventure', 'Animation', 'Comedy', 'Family', 'Sport']",1 hr 31 min,PG,Klay Hall,5.7
705,resident evil: retribution,Alice fights alongside a resistance movement to regain her freedom from an Umbrella Corporation testing facility.,2012,Screen Gems,65000000.0,21052227,42345531,197813724,240159255,12-Sep-12,"['Action', 'Horror', 'Sci-Fi', 'Thriller']",1 hr 35 min,R,Paul W.S. Anderson,5.3
706,die hard 2,"John McClane attempts to avert disaster as rogue military operatives seize control of Dulles International Airport in Washington, D.C.",1990,Twentieth Century Fox,70000000.0,21744661,117540947,122490327,240031274,6-Jul-90,"['Action', 'Thriller']",2 hr 4 min,,Renny Harlin,7.1
707,crocodile dundee ii,Australian outback expert protects his New York love from gangsters who've followed her down under.,1988,Paramount Pictures,,24462976,109306210,130300000,239606210,6-Jul-90,"['Action', 'Thriller']",2 hr 4 min,,John Cornell,5.7
708,bullet train,Five assassins aboard a swiftly-moving bullet train find out that their missions have something in common.,2022,Sony Pictures Entertainment (SPE),85900000.0,30030156,103368602,135900000,239268602,6-Jul-90,"['Action', 'Thriller']",2 hr 4 min,,David Leitch,7.3
709,crazy rich asians,This contemporary romantic comedy based on a global bestseller follows native New Yorker Rachel Chu to Singapore to meet her boyfriend's family.,2018,Warner Bros.,30000000.0,26510140,174837452,64006277,238843729,15-Aug-18,"['Comedy', 'Drama', 'Romance']",2 hr,PG-13,Jon M. Chu,6.9
710,batman & robin,Batman and Robin try to keep their relationship together even as they must stop Mr. Freeze and Poison Ivy from freezing Gotham City.,1997,Warner Bros.,125000000.0,42872605,107353792,130881927,238235719,20-Jun-97,"['Action', 'Sci-Fi']",2 hr 5 min,PG-13,Joel Schumacher,3.8
711,howl's moving castle,"When an unconfident young woman is cursed with an old body by a spiteful witch, her only chance of breaking the spell lies with a self-indulgent yet insecure young wizard and his companions in his legged, walking castle.",2004,Walt Disney Studios Motion Pictures,,427987,6789268,230746858,237536126,20-Jun-97,"['Action', 'Sci-Fi']",2 hr 5 min,PG-13,Hayao Miyazaki,8.2
712,gulliver's travels,"Travel writer Lemuel Gulliver takes an assignment in Bermuda but ends up on the island of Lilliput, where he towers over its tiny citizens.",2010,Twentieth Century Fox,112000000.0,6307691,42779261,194603463,237382724,22-Dec-10,"['Adventure', 'Comedy', 'Family', 'Fantasy']",1 hr 25 min,PG,Rob Letterman,4.9
713,gone in 60 seconds,A retired master car thief must come back to the industry and steal fifty cars with his crew in one night to save his brother's life.,2000,Walt Disney Studios Motion Pictures,90000000.0,25336048,101648571,135553728,237202299,9-Jun-00,"['Action', 'Crime', 'Thriller']",1 hr 58 min,PG-13,Dominic Sena,6.5
714,saturday night fever,"Anxious about his future after high school, a 19-year-old Italian-American from Brooklyn tries to escape the harsh reality of his bleak family life by dominating the dance floor at the local disco.",1977,Paramount Pictures,,3878099,94213184,142900000,237113184,9-Jun-00,"['Action', 'Crime', 'Thriller']",1 hr 58 min,PG-13,John Badham,6.8
715,silver linings playbook,"After a stint in a mental institution, former teacher Pat Solitano moves back in with his parents and tries to reconcile with his ex-wife. Things get more challenging when Pat meets Tiffany, a mysterious girl with problems of her own.",2012,The Weinstein Company,21000000.0,443003,132092958,104319495,236412453,16-Nov-12,"['Comedy', 'Drama', 'Romance']",2 hr 2 min,R,David O. Russell,7.7
716,2 fast 2 furious,Former cop Brian O'Conner is called upon to bust a dangerous criminal and he recruits the help of a former childhood friend and street racer who has a chance to redeem himself.,2003,Universal Pictures,76000000.0,50472480,127154901,109195760,236350661,5-Jun-03,"['Action', 'Crime', 'Thriller']",1 hr 47 min,PG-13,John Singleton,5.9
717,hidden figures,The story of a team of female African-American mathematicians who served a vital role in NASA during the early years of the U.S. space program.,2016,Twentieth Century Fox,25000000.0,515499,169607287,66349611,235956898,25-Dec-16,"['Biography', 'Drama', 'History']",2 hr 7 min,PG,Theodore Melfi,7.8
718,a.i. artificial intelligence,"A highly advanced robotic boy longs to become ""real"" so that he can regain the love of his human mother.",2001,Warner Bros.,100000000.0,29352630,78616689,157309863,235926552,29-Jun-01,"['Drama', 'Sci-Fi']",2 hr 26 min,PG-13,Steven Spielberg,7.2
719,dead poets society,"Maverick teacher John Keating returns in 1959 to the prestigious New England boys' boarding school where he was once a star student, using poetry to embolden his pupils to new heights of self-expression.",1989,Walt Disney Studios Motion Pictures,,340456,95860116,140000000,235860116,29-Jun-01,"['Drama', 'Sci-Fi']",2 hr 26 min,PG-13,Peter Weir,8.1
720,spy,A desk-bound CIA analyst volunteers to go undercover to infiltrate the world of a deadly arms dealer and prevent diabolical global disaster.,2015,Twentieth Century Fox,65000000.0,29085719,110825712,124840507,235666219,21-May-15,"['Action', 'Comedy']",2 hr,R,Paul Feig,7.0
721,american pie,Four teenage boys enter a pact to lose their virginity by prom night.,1999,Universal Pictures,11000000.0,18709680,102561004,132922000,235483004,9-Jul-99,['Comedy'],1 hr 35 min,R,Paul Weitz,7.0
722,american reunion,"Jim, Michelle, Stifler, and their friends reunite in East Great Falls, Michigan for their high school reunion.",2012,Universal Pictures,50000000.0,21514080,57011521,177978063,234989584,4-Apr-12,['Comedy'],1 hr 53 min,R,"Jon Hurwitz, Hayden Schlossberg",6.7
723,big daddy,"A lazy law-school grad adopts a kid to impress his girlfriend, but everything doesn't go as planned and he becomes the unlikely foster father.",1999,Sony Pictures Entertainment (SPE),34200000.0,41536370,163479795,71322100,234801895,25-Jun-99,"['Comedy', 'Drama']",1 hr 33 min,PG-13,Dennis Dugan,6.4
724,alvin and the chipmunks: the road chip,The Chipmunks believe that Dave plans to propose to his new girlfriend in Miami.--and dump them. They have three days to get to him and save themselves not only from losing Dave but also from gaining a terrible stepbrother.,2015,Twentieth Century Fox,90000000.0,14287159,85886987,148911649,234798636,25-Jun-99,"['Comedy', 'Drama']",1 hr 33 min,PG-13,Walt Becker,4.9
725,the imitation game,"During World War II, the English mathematical genius Alan Turing tries to crack the German Enigma code with help from fellow mathematicians while attempting to come to terms with his troubled private life.",2014,The Weinstein Company,,479352,91125683,142430025,233555708,25-Jun-99,"['Comedy', 'Drama']",1 hr 33 min,PG-13,Morten Tyldum,8.0
726,cruella,A live-action prequel feature film following a young Cruella de Vil.,2021,Walt Disney Studios Motion Pictures,,21496997,86103234,147400000,233503234,25-Jun-99,"['Comedy', 'Drama']",1 hr 33 min,PG-13,Craig Gillespie,7.3
727,the day the earth stood still,A remake of the 1951 classic science fiction film about an alien visitor and his giant robot counterpart who visit Earth.,2008,Twentieth Century Fox,80000000.0,30480153,79366978,153726881,233093859,10-Dec-08,"['Adventure', 'Drama', 'Sci-Fi', 'Thriller']",1 hr 44 min,PG-13,Scott Derrickson,5.5
728,american wedding,"It's the wedding of Jim and Michelle and the gathering of their families and friends, including Jim's old friends from high school and Michelle's little sister.",2003,Universal Pictures,55000000.0,33369440,104565114,128157821,232722935,1-Aug-03,['Comedy'],1 hr 36 min,R,Jesse Dylan,6.3
729,the girl with the dragon tattoo,Journalist Mikael Blomkvist is aided in his search for a woman who has been missing for 40 years by young computer hacker Lisbeth Salander.,2011,Sony Pictures Entertainment (SPE),90000000.0,12768604,102515793,130101637,232617430,21-Dec-11,"['Crime', 'Drama', 'Mystery', 'Thriller']",2 hr 38 min,R,David Fincher,7.8
730,juno,"Faced with an unplanned pregnancy, an offbeat young woman makes a selfless decision regarding the unborn child.",2007,Fox Searchlight,7500000.0,413869,143495265,88877416,232372681,5-Dec-07,"['Comedy', 'Drama']",1 hr 36 min,PG-13,Jason Reitman,7.4
731,argo,"Acting under the cover of a Hollywood producer scouting a location for a science fiction film, a CIA agent launches a dangerous operation to rescue six Americans in Tehran during the U.S. hostage crisis in Iran in 1979.",2012,Warner Bros.,44500000.0,19458109,136025503,96300000,232325503,11-Oct-12,"['Biography', 'Drama', 'Thriller']",2 hr,R,Ben Affleck,7.7
732,mr. bean's holiday,"Mr. Bean wins a trip to Cannes where he unwittingly separates a young boy from his father and must help the two reunite. On the way he discovers France, bicycling, and true love.",2007,Universal Pictures,,9889780,33302167,198923741,232225908,11-Oct-12,"['Biography', 'Drama', 'Thriller']",2 hr,R,,
733,the english patient,"At the close of World War II, a young nurse tends to a badly-burned plane crash victim. His past is shown in flashbacks, revealing an involvement in a fateful love affair.",1996,Miramax,27000000.0,278439,78676425,153300000,231976425,15-Nov-96,"['Drama', 'Romance', 'War']",2 hr 42 min,R,Anthony Minghella,7.4
734,sister act,"When a nightclub singer is forced to take refuge from the mob in a convent, she ends up turning the convent choir into a soulful chorus complete with a Motown repertoire, until the sudden celebrity of the choir jeopardizes her identity.",1992,Walt Disney Studios Motion Pictures,,11894587,139605150,92000000,231605150,15-Nov-96,"['Drama', 'Romance', 'War']",2 hr 42 min,R,Emile Ardolino,6.5
735,annabelle comes home,"While babysitting the daughter of Ed and Lorraine Warren, a teenager and her friend unknowingly awaken an evil spirit trapped in a doll.",2019,Warner Bros.,30000000.0,20269723,74152591,157100000,231252591,23-Jun-19,"['Horror', 'Mystery', 'Thriller']",1 hr 46 min,R,Gary Dauberman,5.9
736,constantine,"Supernatural exorcist and demonologist John Constantine helps a policewoman prove her sister's death was not a suicide, but something more.",2005,Warner Bros.,100000000.0,29769098,75976178,154908550,230884728,8-Feb-05,"['Action', 'Fantasy', 'Horror', 'Mystery']",2 hr 1 min,R,Francis Lawrence,7.0
737,get smart,"Maxwell Smart, a highly intellectual but bumbling spy working for the CONTROL agency, is tasked with preventing a terrorist attack from rival spy agency KAOS.",2008,Warner Bros.,80000000.0,38683480,130319208,100366245,230685453,19-Jun-08,"['Action', 'Adventure', 'Comedy']",1 hr 50 min,PG-13,Peter Segal,6.5
738,space jam,"In a desperate attempt to win a basketball match and earn their freedom, the Looney Tunes seek the aid of retired basketball champion, Michael Jordan.",1996,Warner Bros.,80000000.0,27528529,90594962,140000000,230594962,19-Jun-08,"['Action', 'Adventure', 'Comedy']",1 hr 50 min,PG-13,Joe Pytka,6.5
739,life is beautiful,"When an open-minded Jewish waiter and his son become victims of the Holocaust, he uses a perfect mixture of will, humor and imagination to protect his son from the dangers around their camp.",1997,Miramax,,118920,57563264,172535749,230099013,19-Jun-08,"['Action', 'Adventure', 'Comedy']",1 hr 50 min,PG-13,Roberto Benigni,8.6
740,the heat,An uptight FBI Special Agent is paired with a foul-mouthed Boston cop to take down a ruthless drug lord.,2013,Twentieth Century Fox,43000000.0,39115043,159582188,70348583,229930771,27-Jun-13,"['Action', 'Comedy', 'Crime']",1 hr 57 min,R,Paul Feig,6.6
741,ghostbusters,"Following a ghost invasion of Manhattan, paranormal enthusiasts Erin Gilbert and Abby Yates, nuclear engineer Jillian Holtzmann, and subway worker Patty Tolan band together to stop the otherworldly threat.",2016,Sony Pictures Entertainment (SPE),144000000.0,46018755,128350574,100796935,229147509,11-Jul-16,"['Action', 'Comedy', 'Fantasy', 'Sci-Fi']",1 hr 57 min,PG-13,Paul Feig,6.8
742,ghost rider,"When motorcycle rider Johnny Blaze sells his soul to the Devil to save his father's life, he is transformed into the Ghost Rider, the Devil's own bounty hunter, and is sent to hunt down sinners.",2007,Sony Pictures Entertainment (SPE),110000000.0,45388836,115802596,112935797,228738393,14-Feb-07,"['Action', 'Fantasy', 'Thriller']",1 hr 50 min,PG-13,Mark Steven Johnson,5.3
743,goodbye mr. loser,"After attending a wedding of his high school crush Qiuya, Xia Luo gets drunk embarrassing himself and angers his wife Ma Dongmei.",2015,China Lion Film Distribution,,363949,1293626,226829302,228122928,14-Feb-07,"['Action', 'Fantasy', 'Thriller']",1 hr 50 min,PG-13,,
744,paddington 2,"Paddington, now happily settled with the Brown family and a popular member of the local community, picks up a series of odd jobs to buy the perfect present for his Aunt Lucy's 100th birthday, only for the gift to be stolen.",2017,Warner Bros.,,11001961,40907738,187087054,227994792,14-Feb-07,"['Action', 'Fantasy', 'Thriller']",1 hr 50 min,PG-13,Paul King,7.8
745,sleepless in seattle,A recently widowed man's son calls a radio talk-show in an attempt to find his father a partner.,1993,TriStar Pictures,21000000.0,17253733,126808165,101119000,227927165,25-Jun-93,"['Comedy', 'Drama', 'Romance']",1 hr 45 min,PG,Nora Ephron,6.8
746,lethal weapon 2,Riggs and Murtaugh are on the trail of South African diplomats who are using their immunity to engage in criminal activities.,1989,Warner Bros.,,20388800,147253986,80600000,227853986,25-Jun-93,"['Comedy', 'Drama', 'Romance']",1 hr 45 min,PG,Richard Donner,7.3
747,the green hornet,"Following the death of his father, Britt Reid, heir to his father's large company, teams up with his late dad's assistant Kato to become a masked crime fighting team.",2011,Sony Pictures Entertainment (SPE),120000000.0,33526876,98780042,129037206,227817248,12-Jan-11,"['Action', 'Comedy', 'Crime']",1 hr 59 min,PG-13,Michel Gondry,5.8
748,out of africa,"In 20th-century colonial Kenya, a Danish baroness/plantation owner has a passionate love affair with a free-spirited big-game hunter.",1985,Universal Pictures,,3637290,87071205,140443000,227514205,12-Jan-11,"['Action', 'Comedy', 'Crime']",1 hr 59 min,PG-13,Sydney Pollack,7.1
749,elf,"Raised as an oversized elf, Buddy travels from the North Pole to New York City to meet his biological father, Walter Hobbs, who doesn't know he exists and is in desperate need of some Christmas spirit.",2003,New Line Cinema,33000000.0,32100000,178053220,49302936,227356156,7-Nov-03,"['Adventure', 'Comedy', 'Family', 'Fantasy', 'Romance']",1 hr 37 min,PG,Jon Favreau,7.1
750,youth,A look at the lives of members of a Military Cultural Troupe in the 1970s.,2017,China Lion Film Distribution,,338604,1891956,225199334,227091290,7-Nov-03,"['Adventure', 'Comedy', 'Family', 'Fantasy', 'Romance']",1 hr 37 min,PG,Xiaogang Feng,7.0
751,baby driver,"After being coerced into working for a crime boss, a young getaway driver finds himself taking part in a heist doomed to fail.",2017,TriStar Pictures,34000000.0,20553320,107825862,119119225,226945087,28-Jun-17,"['Action', 'Crime', 'Drama', 'Music']",1 hr 53 min,R,Edgar Wright,7.5
752,immortals,"Theseus is a mortal man chosen by Zeus to lead the fight against the ruthless King Hyperion, who is on a rampage across Greece to obtain a weapon that can destroy humanity.",2011,Relativity Media,75000000.0,32206425,83504017,143400000,226904017,10-Nov-11,"['Action', 'Drama', 'Fantasy', 'Romance']",1 hr 50 min,R,Tarsem Singh,6.0
753,taken,"A retired CIA agent travels across Europe and relies on his old skills to save his estranged daughter, who has been kidnapped while on a trip to Paris.",2008,Twentieth Century Fox,25000000.0,24717037,145000989,81836771,226837760,27-Feb-08,"['Action', 'Crime', 'Thriller']",1 hr 30 min,PG-13,Pierre Morel,7.7
754,percy jackson & the olympians: the lightning thief,A teenager discovers he's the descendant of a Greek god and sets out on an adventure to settle an on-going battle between the gods.,2010,Twentieth Century Fox,95000000.0,31236067,88768303,137728906,226497209,10-Feb-10,"['Adventure', 'Family', 'Fantasy']",1 hr 58 min,PG,Chris Columbus,5.9
755,lightyear,"While spending years attempting to return home, marooned Space Ranger Buzz Lightyear encounters an army of ruthless robots commanded by Zurg who are attempting to steal his fuel source.",2022,Walt Disney Studios Motion Pictures,200000000.0,50577961,118307188,108118232,226425420,10-Feb-10,"['Adventure', 'Family', 'Fantasy']",1 hr 58 min,PG,Angus MacLane,6.1
756,hansel & gretel: witch hunters,Brother/sister duo Hansel and Gretel are professional witch-hunters who help innocent villagers. One day they stumble upon a case that could hold the key to their past.,2013,Paramount Pictures,50000000.0,19690956,55703475,170646274,226349749,17-Jan-13,"['Action', 'Fantasy', 'Horror']",1 hr 28 min,R,Tommy Wirkola,6.1
757,valerian and the city of a thousand planets,"A dark force threatens Alpha, a vast metropolis and home to species from a thousand planets. Special operatives Valerian and Laureline must race to identify the marauding menace and safeguard not just Alpha, but the future of the universe.",2017,STX Entertainment,177200000.0,17007624,41189488,184783852,225973340,20-Jul-17,"['Action', 'Adventure', 'Fantasy', 'Sci-Fi']",2 hr 16 min,PG-13,Luc Besson,6.4
758,good will hunting,"Will Hunting, a janitor at M.I.T., has a gift for mathematics, but needs help from a psychologist to find direction in his life.",1997,Miramax,,272912,138433435,87500000,225933435,20-Jul-17,"['Action', 'Adventure', 'Fantasy', 'Sci-Fi']",2 hr 16 min,PG-13,Gus Van Sant,8.3
759,better days,"While she copes the the pressures of her final examinations, a bullied teenage girl forms an unlikely friendship with a mysterious young man who protects her from her assailants.",2019,Well Go USA Entertainment,,989536,1921657,223997141,225918798,20-Jul-17,"['Action', 'Adventure', 'Fantasy', 'Sci-Fi']",2 hr 16 min,PG-13,Derek Tsang,7.6
760,ford v ferrari,American car designer Carroll Shelby and driver Ken Miles battle corporate interference and the laws of physics to build a revolutionary race car for Ford in order to defeat Ferrari at the 24 Hours of Le Mans in 1966.,2019,Twentieth Century Fox,97600000.0,31474958,117624357,107883853,225508210,13-Nov-19,"['Action', 'Biography', 'Drama', 'Sport']",2 hr 32 min,PG-13,James Mangold,8.1
761,jumper,A teenager with teleportation abilities suddenly finds himself in the middle of an ancient war between those like him and their sworn annihilators.,2008,Twentieth Century Fox,85000000.0,27354808,80172128,144959985,225132113,13-Feb-08,"['Action', 'Adventure', 'Sci-Fi', 'Thriller']",1 hr 28 min,PG-13,Doug Liman,6.1
762,the social network,"As Harvard student Mark Zuckerberg creates the social networking site that would become known as Facebook, he is sued by the twins who claimed he stole their idea and by the co-founder who was later squeezed out of the business.",2010,Sony Pictures Entertainment (SPE),40000000.0,22445653,96962694,127957681,224920375,1-Oct-10,"['Biography', 'Drama']",2 hr,PG-13,David Fincher,7.8
763,chicken run,"When a cockerel apparently flies into a chicken farm, the chickens see him as an opportunity to escape their evil owners.",2000,DreamWorks Distribution,45000000.0,17506162,106834564,118040396,224874960,23-Jun-00,"['Adventure', 'Animation', 'Comedy', 'Drama', 'Family']",1 hr 24 min,,"Peter Lord, Nick Park",7.1
764,con air,Newly-paroled ex-con and former U.S. Ranger Cameron Poe finds himself trapped in a prisoner-transport plane when the passengers seize control.,1997,Walt Disney Studios Motion Pictures,75000000.0,24131738,101117573,122894661,224012234,6-Jun-97,"['Action', 'Crime', 'Thriller']",1 hr 55 min,R,Simon West,6.9
765,interview with the vampire: the vampire chronicles,"A vampire tells his epic life story: love, betrayal, loneliness, and hunger.",1994,Warner Bros.,60000000.0,36389705,105264608,118400000,223664608,11-Nov-94,"['Drama', 'Fantasy', 'Horror']",2 hr 3 min,R,,
766,flightplan,"A bereaved woman and her daughter are flying home from Berlin to America. At 30,000 feet, the child vanishes, and nobody will admit she was ever on the plane.",2005,Walt Disney Studios Motion Pictures,,24629938,89707299,133680000,223387299,11-Nov-94,"['Drama', 'Fantasy', 'Horror']",2 hr 3 min,R,Robert Schwentke,6.3
767,yes man,"A man challenges himself to say ""yes"" to everything.",2008,Warner Bros.,70000000.0,18262471,97690976,125550661,223241637,18-Dec-08,"['Comedy', 'Romance']",1 hr 44 min,PG-13,Peyton Reed,6.8
768,non-stop,"An air marshal springs into action during a transatlantic flight after receiving a series of text messages demanding $150 million into an off-shore account, or someone will die every 20 minutes.",2014,Universal Pictures,50000000.0,28875635,92168600,130641000,222809600,19-Feb-14,"['Action', 'Mystery', 'Thriller']",1 hr 46 min,PG-13,Jaume Collet-Serra,6.9
769,"honey, i shrunk the kids",The scientist father of a teenage girl and boy accidentally shrinks his and two other neighborhood teens to the size of insects. Now the teens must fight diminutive dangers as the father searches for them.,1989,Walt Disney Studios Motion Pictures,,14262961,130724172,92000000,222724172,19-Feb-14,"['Action', 'Mystery', 'Thriller']",1 hr 46 min,PG-13,Joe Johnston,6.4
770,fahrenheit 9/11,Michael Moore's view on what happened to the United States after September 11 and how the Bush Administration allegedly used the tragic event to push forward its agenda for unjust wars in Afghanistan and Iraq.,2004,Lionsgate,6000000.0,23920637,119194771,103252111,222446882,23-Jun-04,"['Documentary', 'Drama', 'War']",2 hr 2 min,R,Michael Moore,7.5
771,wild wild west,"The two best special agents in the Wild West must save President Grant from the clutches of a diabolical, wheelchair-bound, steampunk-savvy, Confederate scientist bent on revenge for losing the Civil War.",1999,Warner Bros.,170000000.0,27687484,113804681,108300000,222104681,30-Jun-99,"['Action', 'Comedy', 'Sci-Fi', 'Western']",1 hr 46 min,PG-13,Barry Sonnenfeld,4.9
772,"my country, my parents","Included as the third installment of ""National Day Celebration"" trilogy with My People, My Country (2019) and My People, My Homeland (2020), My Country, My Parents focuses on four Chinese families in four different eras. Combined with 4 stories, through the perspective of ""home"" and ""country"", representing several generations of our predecessors' dedication and sacrifice. The whole movie bring back the audiences to the collective memories of our country, as well as the ordinary and great parental affection between every generation.",2021,CMC Pictures,,75302,177133,221653953,221831086,30-Jun-99,"['Action', 'Comedy', 'Sci-Fi', 'Western']",1 hr 46 min,PG-13,"Teng Shen, Jing Wu, Zheng Xu",N/A
773,geostorm,"When the network of satellites designed to control the global climate starts to attack Earth, it's a race against the clock for its creator to uncover the real threat before a worldwide Geostorm wipes out everything and everyone.",2017,Warner Bros.,120000000.0,13707376,33700160,187900000,221600160,12-Oct-17,"['Action', 'Sci-Fi', 'Thriller']",1 hr 49 min,PG-13,Dean Devlin,5.3
774,presumed innocent,"As a lawyer investigates the murder of a colleague, he finds himself more connected to the crime than anyone else.",1990,Warner Bros.,,11718981,86303188,135000000,221303188,12-Oct-17,"['Action', 'Sci-Fi', 'Thriller']",1 hr 49 min,PG-13,Alan J. Pakula,6.9
775,jungle cruise,Based on Disneyland's theme park ride where a small riverboat takes a group of travelers through a jungle filled with dangerous animals and reptiles but with a supernatural element.,2021,Walt Disney Studios Motion Pictures,200000000.0,35018731,116987516,103901930,220889446,12-Oct-17,"['Action', 'Sci-Fi', 'Thriller']",1 hr 49 min,PG-13,Jaume Collet-Serra,6.6
776,scary movie 3,"Cindy must investigate mysterious crop circles and video tapes, and help the President in preventing an alien invasion.",2003,Dimension Films,48000000.0,49700000,110003217,110670000,220673217,24-Oct-03,['Comedy'],1 hr 24 min,PG-13,David Zucker,5.6
777,collateral,A cab driver finds himself the hostage of an engaging contract killer as he makes his rounds from hit to hit during one night in Los Angeles.,2004,DreamWorks Distribution,65000000.0,24701458,101005703,119234222,220239925,5-Aug-04,"['Action', 'Crime', 'Drama', 'Thriller']",2 hr,R,Michael Mann,7.5
778,inferno,"When Robert Langdon wakes up in an Italian hospital with amnesia, he teams up with Dr. Sienna Brooks and they race across Europe together against the clock to foil a deadly global plot.",2016,Sony Pictures Entertainment (SPE),75000000.0,14860425,34343574,185677685,220021259,12-Oct-16,"['Action', 'Adventure', 'Crime', 'Drama', 'Mystery', 'Thriller']",2 hr 1 min,PG-13,Ron Howard,6.2
779,knocked up,"For fun-loving party animal Ben Stone, the last thing he ever expected was for his one-night stand to show up on his doorstep eight weeks later to tell him she's pregnant with his child.",2007,Universal Pictures,30000000.0,30690990,148768917,71153500,219922417,1-Jun-07,"['Comedy', 'Romance']",2 hr 9 min,R,Judd Apatow,6.9
780,green lantern,"Reckless test pilot Hal Jordan is granted an alien ring that bestows him with otherworldly powers that inducts him into an intergalactic police force, the Green Lantern Corps.",2011,Warner Bros.,200000000.0,53174303,116601172,103250000,219851172,15-Jun-11,"['Action', 'Adventure', 'Sci-Fi']",1 hr 54 min,PG-13,Martin Campbell,5.5
781,what happens in vegas,"A man and a woman are compelled, for legal reasons, to live life as a couple for a limited period of time. At stake is a large amount of money.",2008,Twentieth Century Fox,35000000.0,20172474,80277646,139097916,219375562,7-May-08,"['Comedy', 'Romance']",1 hr 39 min,PG-13,Tom Vaughan,6.1
782,it's complicated,"When attending their son's college graduation, a couple reignite the spark in their relationship. But the complicated fact is they're divorced and he's remarried.",2009,Universal Pictures,85000000.0,22100820,112735375,106368280,219103655,23-Dec-09,"['Comedy', 'Drama', 'Romance']",2 hr 1 min,R,Nancy Meyers,6.5
783,the terminal,"An Eastern European tourist unexpectedly finds himself stranded in JFK airport, and must take up temporary residence there.",2004,DreamWorks Distribution,60000000.0,19053199,77872883,141227201,219100084,18-Jun-04,"['Comedy', 'Drama', 'Romance']",2 hr 8 min,PG-13,Steven Spielberg,7.4
784,little women,"Jo March reflects back and forth on her life, telling the beloved story of the March sisters - four young women, each determined to live life on her own terms.",2019,Sony Pictures Entertainment (SPE),40000000.0,16755310,108101214,110742431,218843645,25-Dec-19,"['Drama', 'Romance']",2 hr 15 min,PG,Greta Gerwig,7.8
785,captain phillips,"The true story of Captain Richard Phillips and the 2009 hijacking by Somali pirates of the U.S.-flagged MV Maersk Alabama, the first American cargo ship to be hijacked in two hundred years.",2013,Sony Pictures Entertainment (SPE),55000000.0,25718314,107100855,111690956,218791811,11-Oct-13,"['Action', 'Biography', 'Crime', 'Drama', 'Thriller']",2 hr 14 min,PG-13,Paul Greengrass,7.8
786,the prince of egypt,Egyptian Prince Moses learns of his identity as a Hebrew and his destiny to become the chosen deliverer of his people.,1998,DreamWorks Distribution,70000000.0,14524321,101413188,117200000,218613188,18-Dec-98,"['Adventure', 'Animation', 'Drama', 'Family', 'Fantasy', 'Musical']",1 hr 39 min,PG,"Brenda Chapman, Steve Hickner, Simon Wells",7.2
787,jack reacher,A homicide investigator digs deeper into a case involving a trained military sniper responsible for a mass shooting.,2012,Paramount Pictures,60000000.0,15210156,80070736,138269859,218340595,20-Dec-12,"['Action', 'Mystery', 'Thriller']",2 hr 10 min,PG-13,Christopher McQuarrie,7.0
788,kingdom of heaven,"Balian of Ibelin travels to Jerusalem during the Crusades of the 12th century, and there he finds himself as the defender of the city and its people.",2005,Twentieth Century Fox,130000000.0,19635996,47398413,170724214,218122627,4-May-05,"['Action', 'Adventure', 'Drama', 'History', 'War']",2 hr 24 min,R,Ridley Scott,7.3
789,the emoji movie,"Gene, a multi-expressional emoji, sets out on a journey to become a normal emoji.",2017,Sony Pictures Entertainment (SPE),50000000.0,24531923,86089513,131687133,217776646,27-Jul-17,"['Adventure', 'Animation', 'Comedy', 'Family', 'Fantasy', 'Sci-Fi']",1 hr 26 min,PG,Tony Leondis,3.4
790,smile,"After witnessing a bizarre, traumatic incident involving a patient, a psychiatrist becomes increasingly convinced she is being threatened by an uncanny entity.",2022,Paramount Pictures,,22609925,105935048,111473465,217408513,27-Jul-17,"['Adventure', 'Animation', 'Comedy', 'Family', 'Fantasy', 'Sci-Fi']",1 hr 26 min,PG,Parker Finn,6.5
791,too cool to kill,"In order to fully realize his dream of being a comedian, Wei Chenggong (Wei Xiang) accidentally broke into a dangerous scam under the ""persuasion"" of actress Milan (Li Ma). But Wei Chenggong didn't know he was already involved in another real and ridiculous plot.",2022,Well Go USA Entertainment,,72432,185882,217068722,217254604,27-Jul-17,"['Adventure', 'Animation', 'Comedy', 'Family', 'Fantasy', 'Sci-Fi']",1 hr 26 min,PG,"Wenxiong Xing, Ru Qian",6.1
792,dracula untold,"As his kingdom is being threatened by the Turks, young prince Vlad Tepes must become a monster feared by his own people in order to obtain the power needed to protect his own family, and the families of his kingdom.",2014,Universal Pictures,70000000.0,23514615,56280355,160843925,217124280,9-Sep-14,"['Action', 'Drama', 'Fantasy', 'Horror']",1 hr 32 min,PG-13,Gary Shore,6.2
793,central intelligence,"After he reconnects with an awkward pal from high school through Facebook, a mild-mannered accountant is lured into the world of international espionage.",2016,Warner Bros.,50000000.0,35535250,127440871,89531672,216972543,15-Jun-16,"['Action', 'Comedy', 'Crime']",1 hr 47 min,PG-13,Rawson Marshall Thurber,6.3
794,million dollar baby,"Frankie, an ill-tempered old coach, reluctantly agrees to train aspiring boxer Maggie. Impressed with her determination and talent, he helps her become the best and the two soon form a close bond.",2004,Warner Bros.,30000000.0,179953,100492203,116271443,216763646,15-Dec-04,"['Drama', 'Sport']",2 hr 12 min,PG-13,Clint Eastwood,8.1
795,the help,"An aspiring author during the civil rights movement of the 1960s decides to write a book detailing the African American maids' point of view on the white families for which they work, and the hardships they go through on a daily basis.",2011,Walt Disney Studios Motion Pictures,25000000.0,26044590,169708112,46931000,216639112,10-Aug-11,['Drama'],2 hr 26 min,PG-13,Tate Taylor,8.1
796,twins,"A physically perfect but innocent man goes in search of his long-lost twin brother, who is short, a womanizer, and small-time crook.",1988,Universal Pictures,15000000.0,11174980,111938388,104676000,216614388,9-Dec-88,"['Comedy', 'Crime']",1 hr 47 min,,Ivan Reitman,6.2
797,valentine's day,Intertwining couples and singles in Los Angeles break-up and make-up based on the pressures and expectations of Valentine's Day.,2010,Warner Bros.,52000000.0,56260707,110528528,106000000,216528528,10-Feb-10,"['Comedy', 'Romance']",2 hr 5 min,PG-13,Garry Marshall,5.7
798,bad teacher,"A lazy, incompetent middle school teacher who hates her job, her students, and her co-workers is forced to return to teaching to make enough money for breast implants after her wealthy fiancé dumps her.",2011,Sony Pictures Entertainment (SPE),20000000.0,31603106,100292856,115904636,216197492,17-Jun-11,"['Comedy', 'Romance']",1 hr 32 min,R,Jake Kasdan,5.7
799,a little red flower,"The film tells a warm and realistic story, thinking and facing the ultimate problem that every ordinary person will face-imagining that death may come at any time, the only thing we have to do is love and cherish.",2020,"December 31, 2020 (China)",20000000.0,2 hr 2 min,216000000,216000000,216197492,17-Jun-11,"['Comedy', 'Romance']",1 hr 32 min,R,Yan Han,6.7
800,the croods: a new age,"The prehistoric family the Croods are challenged by a rival family the Bettermans, who claim to be better and more evolved.",2020,Universal Pictures,65000000.0,9724200,58568815,157337000,215905815,17-Jun-11,"['Comedy', 'Romance']",1 hr 32 min,R,Joel Crawford,6.9
801,clear and present danger,CIA Analyst Jack Ryan is drawn into an illegal war fought by the US government against a Colombian drug cartel.,1994,Paramount Pictures,62000000.0,20348017,122187717,93700000,215887717,5-Aug-94,"['Action', 'Crime', 'Drama', 'Thriller']",2 hr 21 min,PG-13,Phillip Noyce,6.9
802,one hundred and one dalmatians,"When a litter of Dalmatian puppies are abducted by the minions of Cruella De Vil, the owners must find them before she uses them for a diabolical fashion statement.",1961,Walt Disney Studios Motion Pictures,62000000.0,January 25 1961 (Domestic),144880014,71000000,215880014,5-Aug-94,"['Action', 'Crime', 'Drama', 'Thriller']",2 hr 21 min,PG-13,"Clyde Geronimi, Hamilton Luske, Wolfgang Reitherman",7.3
803,ted 2,"Newlywed couple Ted and Tami-Lynn want to have a baby, but in order to qualify to be a parent, Ted will have to prove he's a person in a court of law.",2015,Universal Pictures,68000000.0,33507870,81476385,134387221,215863606,19-Jun-15,['Comedy'],1 hr 55 min,R,Seth MacFarlane,6.3
804,bram stoker's dracula,The centuries old vampire Count Dracula comes to England to seduce his barrister Jonathan Harker's fiancée Mina Murray and inflict havoc in the foreign land.,1992,Columbia Pictures,40000000.0,30521679,82522790,133339902,215862692,13-Nov-92,"['Drama', 'Fantasy', 'Horror', 'Romance']",2 hr 8 min,R,"Francis Ford Coppola, Jeff Werner",7.2
805,vertical limit,"A climber must rescue his sister on top of K2, one of the world's biggest mountains.",2000,Sony Pictures Entertainment (SPE),75000000.0,15507845,69243859,146420000,215663859,8-Dec-00,"['Action', 'Adventure', 'Drama', 'Sport', 'Thriller']",2 hr 4 min,PG-13,Martin Campbell,6.0
806,ghostbusters ii,The discovery of a massive river of ectoplasm and a resurgence of spectral activity allows the staff of Ghostbusters to revive the business.,1989,Columbia Pictures,,29472894,112494738,102900000,215394738,8-Dec-00,"['Action', 'Adventure', 'Drama', 'Sport', 'Thriller']",2 hr 4 min,PG-13,Ivan Reitman,6.6
807,the patriot,Peaceful farmer Benjamin Martin is driven to lead the Colonial Militia during the American Revolution when a sadistic British officer murders his son.,2000,Sony Pictures Entertainment (SPE),110000000.0,22413710,113330342,101964000,215294342,28-Jun-00,"['Action', 'Drama', 'History', 'War']",2 hr 45 min,R,Roland Emmerich,7.2
808,the sorcerer's apprentice,A protege of the magician Merlin must train his teacher's successor - an introverted but resourceful physics prodigy - in the art of sorcery to prevent the return of Morgana le Fay.,2010,Walt Disney Studios Motion Pictures,150000000.0,17619622,63150991,152132751,215283742,14-Jul-10,"['Action', 'Adventure', 'Family', 'Fantasy']",1 hr 49 min,PG,Jon Turteltaub,6.1
809,just go with it,"On a weekend trip to Hawaii, a plastic surgeon convinces his loyal assistant to pose as his soon-to-be-divorced wife in order to cover up a careless lie he told to his much-younger girlfriend.",2011,Sony Pictures Entertainment (SPE),80000000.0,30514732,103028109,111917482,214945591,9-Feb-11,"['Comedy', 'Romance']",1 hr 57 min,PG-13,Dennis Dugan,6.4
810,the expendables 3,"Barney augments his team with new blood for a personal battle: to take down Conrad Stonebanks, the Expendables co-founder and notorious arms trader who is hell bent on wiping out Barney and every single one of his associates.",2014,Lionsgate,100000000.0,15879645,39322544,175335033,214657577,9-Feb-11,"['Comedy', 'Romance']",1 hr 57 min,PG-13,Patrick Hughes,6.1
811,dirty dancing,"Spending the summer at a Catskills resort with her family, Frances ""Baby"" Houseman falls in love with the camp's dance instructor, Johnny Castle.",1987,Vestron Pictures,6000000.0,3900000,64577242,150000000,214577242,21-Aug-87,"['Drama', 'Music', 'Romance']",1 hr 40 min,,Emile Ardolino,7.1
812,creed ii,"Under the tutelage of Rocky Balboa, newly crowned heavyweight champion Adonis Creed faces off against Viktor Drago, the son of Ivan Drago.",2018,Metro-Goldwyn-Mayer (MGM),50000000.0,35574710,115715889,98500000,214215889,21-Nov-18,"['Action', 'Drama', 'Sport']",2 hr 10 min,PG-13,Steven Caple Jr.,7.1
813,smallfoot,"High up on a mountain peak surrounded by clouds, a secret Yeti society lives in peace and harmony. One day, a Yeti witnesses an airplane crash; Inside lies ""Smallfoot"", a legendary creature that will rock the society to its core.",2018,Warner Bros.,80000000.0,23045635,83315531,130800000,214115531,21-Nov-18,"['Action', 'Drama', 'Sport']",2 hr 10 min,PG-13,"Karey Kirkpatrick, Jason Reisig",6.6
814,public enemies,"The Feds try to take down notorious American gangsters John Dillinger, Baby Face Nelson, and Pretty Boy Floyd during a booming crime wave in the 1930s.",2009,Universal Pictures,100000000.0,25271675,97104620,117000000,214104620,24-Jun-09,"['Action', 'Biography', 'Crime', 'Drama', 'History']",2 hr 20 min,R,Michael Mann,6.9
815,the bourne identity,"A man is picked up by a fishing boat, bullet-riddled and suffering from amnesia, before racing to elude assassins and attempting to regain his memory.",2002,Universal Pictures,60000000.0,27118640,121661683,92372541,214034224,14-Jun-02,"['Action', 'Mystery', 'Thriller']",1 hr 59 min,PG-13,Doug Liman,7.8
816,disclosure,"A computer specialist is sued for sexual harassment by a former lover turned boss who initiated the act forcefully, which threatens both his career and his personal life.",1994,Warner Bros.,55000000.0,10068126,83015089,131000000,214015089,9-Dec-94,"['Drama', 'Thriller']",2 hr 8 min,R,Barry Levinson,6.2
817,"crouching tiger, hidden dragon",A young Chinese warrior steals a sword from a famed swordsman and then escapes into a world of romantic adventure with a mysterious man in the frontier of the nation.,2000,Sony Pictures Classics,17000000.0,663205,128530421,85446864,213977285,8-Dec-00,"['Action', 'Adventure', 'Drama', 'Fantasy', 'Romance']",2 hr,PG-13,Ang Lee,7.9
818,pulp fiction,"The lives of two mob hitmen, a boxer, a gangster and his wife, and a pair of diner bandits intertwine in four tales of violence and redemption.",1994,Miramax,8000000.0,9311882,107928762,106000000,213928762,14-Oct-94,"['Crime', 'Drama']",2 hr 34 min,R,Quentin Tarantino,8.9
819,the aviator,A biopic depicting the early years of legendary director and aviator Howard Hughes' career from the late 1920s to the mid 1940s.,2004,Miramax,110000000.0,858021,102610330,111109612,213719942,17-Dec-04,"['Biography', 'Drama']",2 hr 50 min,PG-13,Martin Scorsese,7.5
820,braveheart,Scottish warrior William Wallace leads his countrymen in a rebellion to free his homeland from the tyranny of King Edward I of England.,1995,Paramount Pictures,72000000.0,9938276,75609945,137606271,213216216,24-May-95,"['Biography', 'Drama', 'History', 'War']",2 hr 58 min,R,Mel Gibson,8.3
821,into the woods,A witch tasks a childless baker and his wife with procuring magical items from classic fairy tales to reverse the curse put on their family tree.,2014,Walt Disney Studios Motion Pictures,50000000.0,31051923,128002372,84900000,212902372,24-Dec-14,"['Adventure', 'Comedy', 'Drama', 'Fantasy', 'Musical']",2 hr 5 min,PG,Rob Marshall,5.9
822,bedtime stories,A hotel handyman's life changes when the lavish bedtime stories he tells his niece and nephew start to magically come true.,2008,Walt Disney Studios Motion Pictures,80000000.0,27450296,110101975,102772889,212874864,24-Dec-08,"['Adventure', 'Comedy', 'Family', 'Fantasy', 'Romance', 'Sci-Fi']",1 hr 39 min,PG,Adam Shankman,6.0
823,miss congeniality,An F.B.I. Agent must go undercover in the Miss United States beauty pageant to prevent a group from bombing the event.,2000,Warner Bros.,45000000.0,10046534,106807667,105935053,212742720,22-Dec-00,"['Action', 'Comedy', 'Crime', 'Romance']",1 hr 49 min,PG-13,Donald Petrie,6.3
824,sound of freedom,The incredible true story of a former government agent turned vigilante who embarks on a dangerous mission to rescue hundreds of children from traffickers.,2023,Angel Studios,,19680879,183234204,29352969,212587173,22-Dec-00,"['Action', 'Comedy', 'Crime', 'Romance']",1 hr 49 min,PG-13,Alejandro Monteverde,7.6
825,entrapment,An insurance agent is sent by her employer to track down and help capture an art thief.,1999,Twentieth Century Fox,66000000.0,20145595,87704396,124700000,212404396,30-Apr-99,"['Action', 'Crime', 'Romance', 'Thriller']",1 hr 53 min,PG-13,Jon Amiel,6.3
826,ace ventura: when nature calls,"Ace Ventura, Pet Detective, returns from a spiritual quest to investigate the disappearance of a rare white bat, the sacred animal of a tribe in Africa.",1995,Warner Bros.,,37804076,108385533,104000000,212385533,30-Apr-99,"['Action', 'Crime', 'Romance', 'Thriller']",1 hr 53 min,PG-13,Steve Oedekerk,6.4
827,end of days,"At the end of the century, Satan visits New York in search of a bride. It's up to an ex-cop who now runs an elite security outfit to stop him.",1999,Universal Pictures,100000000.0,20523595,66889043,145100000,211989043,24-Nov-99,"['Action', 'Fantasy', 'Horror', 'Thriller']",2 hr 2 min,R,Peter Hyams,5.8
828,bridget jones's baby,"Forty-something and single again, Bridget decides to focus on her job and surround herself with friends. Then she discovers that she is pregnant--but she is only 50% sure of the baby's father's identity.",2016,Universal Pictures,35000000.0,8571785,24252420,187700000,211952420,14-Sep-16,"['Comedy', 'Drama', 'Romance']",2 hr 3 min,R,Sharon Maguire,6.4
829,fury,"A grizzled tank commander makes tough decisions as he and his crew fight their way across Germany in April, 1945.",2014,Sony Pictures Entertainment (SPE),68000000.0,23702421,85817906,126004791,211822697,17-Oct-14,"['Action', 'Drama', 'War']",2 hr 14 min,R,David Ayer,7.6
830,battle los angeles,A squad of U.S. Marines becomes the last line of defense against a global invasion.,2011,Sony Pictures Entertainment (SPE),70000000.0,35573187,83552429,128266925,211819354,9-Mar-11,"['Action', 'Adventure', 'Sci-Fi']",1 hr 56 min,PG-13,Jonathan Liebesman,5.7
831,australia,"Set in northern Australia before WWII, an Englishwoman who inherits a sprawling ranch reluctantly pacts with a stock-man in order to drive 2,000 head of cattle over unforgiving landscapes.",2008,Twentieth Century Fox,130000000.0,14800723,49554002,162233509,211787511,26-Nov-08,"['Adventure', 'Drama', 'Romance', 'War', 'Western']",2 hr 45 min,PG-13,Baz Luhrmann,6.6
832,due date,High-strung father-to-be Peter Highman is forced to hitch a ride with aspiring actor Ethan Tremblay on a road trip in order to make it to his child's birth on time.,2010,Warner Bros.,65000000.0,32689406,100539043,111241781,211780824,3-Nov-10,"['Comedy', 'Drama']",1 hr 35 min,R,Todd Phillips,6.5
833,master and commander: the far side of the world,"During the Napoleonic Wars, a brash British captain pushes his ship and crew to their limits in pursuit of a formidable French war vessel around South America.",2003,Twentieth Century Fox,150000000.0,25105990,93927920,117694615,211622535,14-Nov-03,"['Action', 'Adventure', 'Drama', 'War']",2 hr 18 min,PG-13,Peter Weir,7.5
834,a series of unfortunate events,"When a massive fire kills their parents, three children are delivered to the custody of cousin and stage actor Count Olaf, who is secretly plotting to steal their parents' vast fortune.",2004,Paramount Pictures,140000000.0,30061756,118634549,92833686,211468235,16-Dec-04,"['Adventure', 'Comedy', 'Family', 'Fantasy']",1 hr 48 min,PG,Brad Silberling,6.8
835,the little mermaid,A mermaid princess makes a Faustian bargain in an attempt to become human and win a prince's love.,1989,Walt Disney Studios Motion Pictures,250000000.0,6031914,111543479,99800000,211343479,16-Dec-04,"['Adventure', 'Comedy', 'Family', 'Fantasy']",1 hr 48 min,PG,"Ron Clements, John Musker",7.6
836,nice view,"20-year-old Jing Hao came to Shenzhen to live with his young sister alone. The siblings live a warm yet straitened life. In an effort to pay for his sister's expensive surgery, Jing Hao gets an opportunity by chance, thinking that a better life is coming, but unexpectedly encounters a serious setback. Under the pressure of both time and money, Jing Hao, who has no way out, decides to take a desperate gamble. Can this ignite the spark of hope for his troubled ordinary life?",2022,"February 1, 2022 (China)",,1 hr 46 min,211019042,211019042,211343479,16-Dec-04,"['Adventure', 'Comedy', 'Family', 'Fantasy']",1 hr 48 min,PG,Muye Wen,6.7
837,district 9,Violence ensues after an extraterrestrial race forced to live in slum-like conditions on Earth finds a kindred spirit in a government agent exposed to their biotechnology.,2009,TriStar Pictures,30000000.0,37354308,115646235,95242715,210888950,13-Aug-09,"['Action', 'Sci-Fi', 'Thriller']",1 hr 52 min,R,Neill Blomkamp,7.9
838,moonraker,"James Bond investigates the mid-air theft of a space shuttle, and discovers a plot to commit global genocide.",1979,Metro-Goldwyn-Mayer (MGM),,7108344,70308099,140000000,210308099,13-Aug-09,"['Action', 'Sci-Fi', 'Thriller']",1 hr 52 min,R,Lewis Gilbert,6.3
839,the others,"During World War II, a woman who lives with her two photosensitive children on her darkened old family estate in the Channel Islands becomes convinced that the home is haunted.",2001,Miramax,17000000.0,14089952,96536177,113424350,209960527,10-Aug-01,"['Horror', 'Mystery', 'Thriller']",1 hr 41 min,PG-13,Alejandro Amenábar,7.6
840,horrible bosses,Three friends conspire to murder their awful bosses when they realize they are standing in the way of their happiness.,2011,Warner Bros.,35000000.0,28302165,117538559,92300000,209838559,7-Jul-11,"['Comedy', 'Crime']",1 hr 38 min,R,Seth Gordon,6.9
841,us and them,"During the hectic chunyun period, two strangers traveling home meet on the train.",2018,"April 28, 2018 (China)",35000000.0,2 hr,209221380,209221380,209838559,7-Jul-11,"['Comedy', 'Crime']",1 hr 38 min,R,Rene Liu,7.4
842,red dragon,"A retired FBI agent with psychological gifts is assigned to help track down ""The Tooth Fairy"", a mysterious serial killer. Aiding him is imprisoned forensic psychiatrist Dr. Hannibal ""The Cannibal"" Lecter.",2002,Universal Pictures,78000000.0,36540945,93149898,116046400,209196298,4-Oct-02,"['Crime', 'Drama', 'Thriller']",2 hr 4 min,R,Brett Ratner,7.2
843,tomorrowland,"Bound by a shared destiny, a teen bursting with scientific curiosity and a former boy-genius inventor embark on a mission to unearth the secrets of a place somewhere in time and space that exists in their collective memory.",2015,Walt Disney Studios Motion Pictures,190000000.0,33028165,93436322,115599346,209035668,20-May-15,"['Action', 'Adventure', 'Family', 'Fantasy', 'Mystery', 'Sci-Fi']",2 hr 10 min,PG,Brad Bird,6.4
844,me before you,A girl in a small town forms an unlikely bond with a recently-paralyzed man she's taking care of.,2016,Warner Bros.,20000000.0,18723269,56245075,152069111,208314186,1-Jun-16,"['Drama', 'Romance']",1 hr 50 min,PG-13,Thea Sharrock,7.4
845,dungeons & dragons: honor among thieves,"A charming thief and a band of unlikely adventurers embark on an epic quest to retrieve a lost relic, but things go dangerously awry when they run afoul of the wrong people.",2023,Paramount Pictures,150000000.0,37205784,93277026,114900000,208177026,1-Jun-16,"['Drama', 'Romance']",1 hr 50 min,PG-13,"John Francis Daley, Jonathan Goldstein",7.2
846,safe house,"A young CIA agent is tasked with looking after a fugitive in a safe house. But when the safe house is attacked, he finds himself on the run with his charge.",2012,Universal Pictures,85000000.0,40172720,126373434,81702771,208076205,8-Feb-12,"['Action', 'Thriller']",1 hr 55 min,R,Daniel Espinosa,6.7
847,s.w.a.t.,"An imprisoned drug kingpin offers a huge cash reward to anyone that can break him out of police custody, and only the L.A.P.D.'s Special Weapons and Tactics team can prevent it.",2003,Sony Pictures Entertainment (SPE),80000000.0,37062535,116934650,90790989,207725639,8-Aug-03,"['Action', 'Adventure', 'Crime', 'Thriller']",1 hr 57 min,PG-13,Clark Johnson,6.1
848,dc league of super-pets,"Krypto the Super-Dog and Superman are inseparable best friends, sharing the same superpowers and fighting crime side by side in Metropolis. However, Krypto must master his own powers for a rescue mission when Superman is kidnapped.",2022,Warner Bros.,,23003441,93657117,113900000,207557117,8-Aug-03,"['Action', 'Adventure', 'Crime', 'Thriller']",1 hr 57 min,PG-13,"Jared Stern, Sam J. Levine",7.1
849,the fast and the furious,Los Angeles police officer Brian O'Conner must decide where his loyalty really lies when he becomes enamored with the street racing world he has been sent undercover to destroy.,2001,Universal Pictures,38000000.0,40089015,144745925,62771584,207517509,22-Jun-01,"['Action', 'Crime', 'Thriller']",1 hr 46 min,PG-13,Rob Cohen,6.8
850,traffic,"A conservative judge is appointed by the President to spearhead America's escalating war against drugs, only to discover that his teenage daughter is a crack addict. Two DEA agents protect an informant. A jailed drug baron's wife attempts to carry on the family business.",2000,USA Films,,184725,124115725,83400000,207515725,22-Jun-01,"['Action', 'Crime', 'Thriller']",1 hr 46 min,PG-13,Steven Soderbergh,7.6
851,paranormal activity 3,"In 1988, young sisters Katie and Kristi befriend an invisible entity called Toby, who resides in their home.",2011,Paramount Pictures,5000000.0,52568183,104028807,103011037,207039844,19-Oct-11,"['Horror', 'Mystery', 'Thriller']",1 hr 23 min,R,"Henry Joost, Ariel Schulman",5.8
852,philadelphia,"When a man with HIV is fired by his law firm because of his condition, he hires a homophobic small time lawyer as the only willing advocate for a wrongful dismissal suit.",1993,TriStar Pictures,26000000.0,143433,77446440,129232000,206678440,24-Dec-93,['Drama'],2 hr 5 min,PG-13,Jonathan Demme,7.7
853,the conjuring: the devil made me do it,The Warrens investigate a murder that may be linked to a demonic possession.,2021,Warner Bros.,,24104332,65631050,140800000,206431050,24-Dec-93,['Drama'],2 hr 5 min,PG-13,Michael Chaves,6.3
854,sleepy hollow,Ichabod Crane is sent to Sleepy Hollow to investigate the decapitations of three people; the culprit is legendary apparition The Headless Horseman.,1999,Paramount Pictures,100000000.0,30060467,101071502,105000000,206071502,19-Nov-99,"['Fantasy', 'Horror', 'Mystery']",1 hr 45 min,R,Tim Burton,7.3
855,the holiday,"Two women troubled with guy-problems swap homes in each other's countries, where they each meet a local guy and fall in love.",2006,Sony Pictures Entertainment (SPE),85000000.0,12778913,63224849,142625320,205850169,5-Dec-06,"['Comedy', 'Romance']",2 hr 16 min,PG-13,Nancy Meyers,7.0
856,the jungle book,Bagheera the Panther and Baloo the Bear have a difficult time trying to convince a boy to leave the jungle for human civilization.,1967,Walt Disney Studios Motion Pictures,85000000.0,October 18 1967 (Domestic),141843612,64000000,205843612,5-Dec-06,"['Comedy', 'Romance']",2 hr 16 min,PG-13,Wolfgang Reitherman,7.6
857,raging fire,"Cheung Sung-bong is an officer of the Regional Crime Unit who worked in the front line for many years. His protege, Yau Kong-ngo, respects and looks up to him. However, fate conspires to pit them against each other.",2021,Well Go USA Entertainment,,101926,385305,205457088,205842393,5-Dec-06,"['Comedy', 'Romance']",2 hr 16 min,PG-13,"Benny Chan, Shane Comley-White",6.5
858,london has fallen,"In London for the Prime Minister's funeral, Mike Banning is caught up in a plot to assassinate all the attending world leaders.",2016,Focus Features,60000000.0,21635601,62524260,143230187,205754447,2-Mar-16,"['Action', 'Thriller']",1 hr 39 min,R,Babak Najafi,5.9
859,the break-up,A couple's break-up proceeds to get uglier and nastier by the moment as each tries to keep their luxurious condo from the other.,2006,Universal Pictures,52000000.0,39172785,118703275,86964935,205668210,2-Jun-06,"['Comedy', 'Drama', 'Romance']",1 hr 46 min,PG-13,Peyton Reed,5.8
860,journey to the west,"Tang Sanzang, an aspiring Buddhist hero tries to protect a village from three demons. He develops complex feelings for Miss Duan, the demon hunter who repeatedly helps him, and finally quests to meet the legendary Monkey King.",2013,Magnolia Pictures,,7456,18058,205619125,205637183,2-Jun-06,"['Comedy', 'Drama', 'Romance']",1 hr 46 min,PG-13,"Stephen Chow, Chi-Kin Kwok",6.7
861,the ugly truth,An uptight television producer takes control of a morning show segment on modern relationships hosted by a misogynistic man.,2009,Sony Pictures Entertainment (SPE),38000000.0,27605576,88915214,116684179,205599393,26-Feb-09,"['Comedy', 'Romance']",1 hr 36 min,R,Robert Luketic,6.4
862,jfk,New Orleans District Attorney Jim Garrison discovers there's more to the Kennedy assassination than the official story.,1991,Warner Bros.,,5223658,70405498,135000000,205405498,26-Feb-09,"['Comedy', 'Romance']",1 hr 36 min,R,Oliver Stone,8.0
863,birds of prey,"After splitting with the Joker, Harley Quinn joins superheroines Black Canary, Huntress, and Renee Montoya to save a young girl from an evil crime lord.",2020,Warner Bros.,84500000.0,33010017,84172791,121200000,205372791,5-Feb-20,"['Action', 'Comedy', 'Crime']",1 hr 49 min,R,Cathy Yan,6.1
864,white house down,"While on a tour of the White House with his young daughter, a Capitol policeman springs into action to save his child and protect the president from a heavily armed group of paramilitary invaders.",2013,Sony Pictures Entertainment (SPE),150000000.0,24852258,73103784,132262953,205366737,27-Jun-13,"['Action', 'Drama', 'Thriller']",2 hr 11 min,PG-13,Roland Emmerich,6.3
865,a dog's purpose,A dog looks to discover his purpose in life over the course of several lifetimes and owners.,2017,Universal Pictures,22000000.0,18222810,64508620,140527199,205035819,19-Jan-17,"['Adventure', 'Comedy', 'Drama', 'Family', 'Fantasy']",1 hr 40 min,PG,Lasse Hallström,7.3
866,ponyo,"A five-year-old boy develops a relationship with Ponyo, a young goldfish princess who longs to become a human after falling in love with him.",2008,Walt Disney Studios Motion Pictures,,3585852,15743471,189177411,204920882,19-Jan-17,"['Adventure', 'Comedy', 'Drama', 'Family', 'Fantasy']",1 hr 40 min,PG,Hayao Miyazaki,7.6
867,fun with dick and jane,"When an affluent couple lose all their money following a series of blunders, they turn to a life of crime to make ends meet.",2005,Sony Pictures Entertainment (SPE),100000000.0,14383515,110332737,94349162,204681899,21-Dec-05,"['Comedy', 'Crime']",1 hr 30 min,PG-13,Dean Parisot,6.2
868,eat pray love,"A married woman realizes how unhappy her marriage really is, and that her life needs to go in a different direction. After a painful divorce, she takes off on a round-the-world journey to ""find herself"".",2010,Sony Pictures Entertainment (SPE),60000000.0,23104523,80574010,124020006,204594016,13-Aug-10,"['Biography', 'Drama', 'Romance']",2 hr 13 min,PG-13,Ryan Murphy,5.8
869,the addams family,The eccentrically macabre family moves to a bland suburb where Wednesday Addams' friendship with the daughter of a hostile and conformist local reality show host exacerbates conflict between the families.,2019,United Artists Releasing,24000000.0,30300007,100723831,103670352,204394183,11-Oct-19,"['Animation', 'Comedy', 'Family', 'Fantasy', 'Horror']",1 hr 26 min,PG,"Greg Tiernan, Conrad Vernon",5.8
870,ghostbusters: afterlife,"When a single mom and her two kids arrive in a small town, they begin to discover their connection to the original Ghostbusters and the secret legacy their grandfather left behind.",2021,Sony Pictures Entertainment (SPE),75000000.0,44008406,129360575,74973880,204334455,11-Oct-19,"['Animation', 'Comedy', 'Family', 'Fantasy', 'Horror']",1 hr 26 min,PG,Jason Reitman,7.0
871,you don't mess with the zohan,An Israeli Special Forces Soldier fakes his death so he can re-emerge in New York City as a hair stylist.,2008,Sony Pictures Entertainment (SPE),90000000.0,38531374,100018837,104294563,204313400,5-Jun-08,"['Action', 'Comedy']",1 hr 53 min,PG-13,Dennis Dugan,5.6
872,the nun ii,"1956 - France. A priest is murdered. An evil is spreading. The sequel to the worldwide smash hit follows Sister Irene as she once again comes face-to-face with Valak, the demon nun.",2023,Warner Bros.,,32603336,69222000,135000000,204222000,5-Jun-08,"['Action', 'Comedy']",1 hr 53 min,PG-13,Michael Chaves,5.6
873,hairspray,Pleasantly plump teenager Tracy Turnblad teaches 1962 Baltimore a thing or two about integration after landing a spot on a local TV dance show.,2007,New Line Cinema,75000000.0,27800000,118946291,84681462,203627753,5-Jun-08,"['Action', 'Comedy']",1 hr 53 min,PG-13,Adam Shankman,6.7
874,king arthur,A demystified take on the tale of King Arthur and the Knights of the Round Table.,2004,Walt Disney Studios Motion Pictures,120000000.0,15193907,51882244,151685613,203567857,7-Jul-04,"['Action', 'Adventure', 'Drama', 'History', 'War']",2 hr 6 min,PG-13,Antoine Fuqua,6.3
875,yogi bear,"A documentary filmmaker travels to Jellystone Park to shoot a project and soon crosses paths with Yogi Bear, his sidekick Boo-Boo and Ranger Smith.",2010,Warner Bros.,80000000.0,16411322,100246011,103263363,203509374,17-Dec-10,"['Adventure', 'Animation', 'Comedy', 'Family']",1 hr 21 min,PG,Eric Brevig,4.6
876,everest,"The story of New Zealand mountaineer Rob Hall, who on May 10, 1996, together with Scott Fischer, teamed up on a joint expedition to ascend Mount Everest.",2015,Universal Pictures,55000000.0,7222035,43482270,159945314,203427584,10-Sep-15,"['Action', 'Adventure', 'Biography', 'Drama', 'Thriller']",2 hr 1 min,PG-13,Baltasar Kormákur,7.1
877,vanilla sky,A self-indulgent and vain publishing magnate finds his privileged life upended after a vehicular accident with a resentful lover.,2001,Paramount Pictures,68000000.0,25015518,100618344,102769997,203388341,14-Dec-01,"['Fantasy', 'Mystery', 'Romance', 'Sci-Fi', 'Thriller']",2 hr 16 min,R,Cameron Crowe,6.9
878,arrival,A linguist works with the military to communicate with alien lifeforms after twelve mysterious spacecraft appear around the world.,2016,Paramount Pictures,47000000.0,24074047,100546139,102842047,203388186,10-Nov-16,"['Drama', 'Mystery', 'Sci-Fi']",1 hr 56 min,PG-13,Denis Villeneuve,7.9
879,need for speed,"Fresh from prison, a street racer who was framed by a wealthy business associate joins a cross-country race with revenge in mind. His ex-partner, learning of the plan, places a massive bounty on his head as the race begins.",2014,Walt Disney Studios Motion Pictures,66000000.0,17844939,43577636,159700000,203277636,12-Mar-14,"['Action', 'Adventure', 'Crime', 'Thriller']",2 hr 12 min,PG-13,Scott Waugh,6.4
880,garfield,"Jon Arbuckle buys a second pet, a dog named Odie. However, Odie is then abducted and it is up to Jon's cat, Garfield, to find and rescue the canine.",2004,Twentieth Century Fox,50000000.0,21727611,75369589,127802828,203172417,11-Jun-04,"['Adventure', 'Animation', 'Comedy', 'Family', 'Fantasy']",1 hr 20 min,PG,Peter Hewitt,5.1
881,patch adams,"The true story of a heroic man, Hunter ""Patch"" Adams, determined to become a medical doctor because he enjoys helping people. He ventured where no doctor had ventured before, using humour and pathos.",1998,Universal Pictures,90000000.0,25262280,135026902,67266000,202292902,25-Dec-98,"['Biography', 'Comedy', 'Drama', 'Romance']",1 hr 55 min,PG-13,Tom Shadyac,6.8
882,teenage mutant ninja turtles,Four teenage mutant ninja turtles emerge from the shadows to protect New York City from a gang of criminal ninjas.,1990,New Line Cinema,13500000.0,25398367,135384756,66700000,202084756,30-Mar-90,"['Action', 'Adventure', 'Comedy', 'Family', 'Sci-Fi']",1 hr 33 min,,Steve Barron,6.8
883,kindergarten cop,"A tough cop must pose as a kindergarten teacher in order to locate a dangerous criminal's ex-wife, who may hold the key to putting him behind bars.",1990,Universal Pictures,15000000.0,7918560,91457688,110500000,201957688,22-Dec-90,"['Action', 'Comedy', 'Crime']",1 hr 51 min,,Ivan Reitman,6.2
884,straight outta compton,"The rap group NWA emerges from the mean streets of Compton in Los Angeles, California, in the mid-1980s and revolutionizes Hip Hop culture with their music and tales about life in the hood.",2015,Universal Pictures,28000000.0,60200180,161197785,40437206,201634991,14-Aug-15,"['Biography', 'Drama', 'History', 'Music']",2 hr 27 min,R,F. Gary Gray,7.8
885,21 jump street,A pair of underachieving cops are sent back to a local high school to blend in and bring down a synthetic drug ring.,2012,Sony Pictures Entertainment (SPE),42000000.0,36302612,138447667,63137661,201585328,15-Mar-12,"['Action', 'Comedy', 'Crime']",1 hr 49 min,R,"Phil Lord, Christopher Miller",7.2
886,valkyrie,"A dramatization of the July 20, 1944 assassination and political coup plot by desperate renegade German Army officers against Adolf Hitler during World War II.",2008,United Artists,75000000.0,21027007,83077833,118467684,201545517,25-Dec-08,"['Drama', 'History', 'Thriller', 'War']",2 hr 1 min,PG-13,Bryan Singer,7.1
887,open season,"Boog, a domesticated 900lb. Grizzly bear, finds himself stranded in the woods 3 days before Open Season. Forced to rely on Elliot, a fast-talking mule deer, the two form an unlikely friendship and must quickly rally other forest animals if they are to form a rag-tag army against the hunters.",2006,Sony Pictures Entertainment (SPE),85000000.0,23624548,85105259,115706430,200811689,29-Sep-06,"['Adventure', 'Animation', 'Comedy', 'Family']",1 hr 26 min,PG,"Roger Allers, Jill Culton, Richard Williams",6.1
888,cats & dogs,"A look at the top-secret, high-tech espionage war going on between cats and dogs, of which their human owners are blissfully unaware.",2001,Warner Bros.,60000000.0,21707617,93385515,107301977,200687492,4-Jul-01,"['Action', 'Adventure', 'Comedy', 'Family', 'Fantasy']",1 hr 27 min,PG,Lawrence Guterman,5.2
889,the hunt for red october,"In November 1984, the Soviet Union's best submarine captain violates orders and heads for the U.S. in a new undetectable sub. The American CIA and military must quickly determine: Is he trying to defect or to start a war?",1990,Paramount Pictures,30000000.0,17161835,122012643,78500000,200512643,2-Mar-90,"['Action', 'Adventure', 'Thriller']",2 hr 15 min,,John McTiernan,7.5
890,percy jackson: sea of monsters,"In order to restore their dying safe haven, the son of Poseidon and his friends embark on a quest to the Sea of Monsters, to find the mythical Golden Fleece, all the while trying to stop an ancient evil from rising.",2013,Twentieth Century Fox,90000000.0,14401054,68559554,131290761,199850315,7-Aug-13,"['Adventure', 'Family', 'Fantasy']",1 hr 46 min,PG,Thor Freudenthal,5.7
891,the lego movie 2: the second part,"It's been five years since everything was awesome and the citizens are facing a huge new threat: Lego Duplo invaders from outer space, wrecking everything faster than they can rebuild.",2019,Warner Bros.,99000000.0,34115335,105956290,93646912,199603202,6-Feb-19,"['Action', 'Adventure', 'Animation', 'Comedy', 'Family', 'Fantasy', 'Musical', 'Sci-Fi']",1 hr 47 min,PG,Mike Mitchell,6.5
892,two weeks notice,"A lawyer decides that she's used too much like a nanny by her boss, so she walks out on him.",2002,Warner Bros.,60000000.0,14328494,93354851,105688620,199043471,20-Dec-02,"['Comedy', 'Romance']",1 hr 41 min,PG-13,Marc Lawrence,6.2
893,red,"When his peaceful life is threatened by a high-tech assassin, former black-ops agent Frank Moses reassembles his old team in a last-ditch effort to survive and uncover his assailants.",2010,Summit Entertainment,58000000.0,21761408,90380162,108626225,199006387,14-Oct-10,"['Action', 'Comedy', 'Crime', 'Thriller']",1 hr 51 min,PG-13,Robert Schwentke,7.0
894,shock wave 2,"A terrorist expert in explosives, whose gang has been dismantled, seeks revenge. He threatens to blow up a Hong Kong tunnel with hundreds of hostages. The policeman who has already beaten him once must stop him again.",2020,"December 24, 2020 (China, APAC)",58000000.0,2 hr,198921659,198921659,199006387,14-Oct-10,"['Action', 'Comedy', 'Crime', 'Thriller']",1 hr 51 min,PG-13,"Herman Yau, Shane Comley-White",6.6
895,city of angels,"An angel on Earth, a doctor unable to believe, a patient with a secret, a love story made in Heaven.",1998,Warner Bros.,,15369048,78685114,120000000,198685114,14-Oct-10,"['Action', 'Comedy', 'Crime', 'Thriller']",1 hr 51 min,PG-13,Brad Silberling,6.7
896,the pacifier,"Having recovered from wounds received in a failed rescue operation, Navy SEAL Shane Wolfe is handed a new assignment: Protect the five Plummer kids from enemies of their recently deceased father -- a government scientist whose top-secret experiment remains in the kids' house.",2005,Walt Disney Studios Motion Pictures,56000000.0,30552694,113086868,85550000,198636868,4-Mar-05,"['Action', 'Comedy', 'Drama', 'Family']",1 hr 35 min,PG,Adam Shankman,5.6
897,50 first dates,Henry Roth is a man afraid of commitment until he meets the beautiful Lucy. They hit it off and Henry think he's finally found the girl of his dreams until discovering she has short-term memory loss and forgets him the next day.,2004,Sony Pictures Entertainment (SPE),75000000.0,39852237,120908074,77612860,198520934,13-Feb-04,"['Comedy', 'Drama', 'Romance']",1 hr 39 min,PG-13,Peter Segal,6.8
898,total recall,"A factory worker, Douglas Quaid, begins to suspect that he is a spy after visiting Rekall - a company that provides its clients with implanted fake memories of a life they would like to have led - goes wrong and he finds himself on the run.",2012,Sony Pictures Entertainment (SPE),125000000.0,25577758,58877969,139589199,198467168,2-Aug-12,"['Action', 'Adventure', 'Sci-Fi', 'Thriller']",1 hr 58 min,PG-13,Len Wiseman,6.2
899,the island,"A cataclysmic event causes a man, who dreams of winning the lottery, to become stranded on an island with his co-workers.",2018,Well Go USA Entertainment,120000000.0,263412,670883,197655467,198326350,2-Aug-12,"['Action', 'Adventure', 'Sci-Fi', 'Thriller']",1 hr 58 min,PG-13,Huang Bo,6.2
900,the impossible,The story of a tourist family in Thailand caught in the destruction and chaotic aftermath of the 2004 Indian Ocean tsunami.,2012,Lionsgate,,143818,19019882,179067330,198087212,2-Aug-12,"['Action', 'Adventure', 'Sci-Fi', 'Thriller']",1 hr 58 min,PG-13,J.A. Bayona,7.5
901,lost in thailand,"On a wild road trip, three men find inner peace in the city that never sleeps.",2012,AMC Theaters,,32206,57387,197700000,197757387,2-Aug-12,"['Action', 'Adventure', 'Sci-Fi', 'Thriller']",1 hr 58 min,PG-13,Zheng Xu,6.2
902,christopher robin,"A working-class family man, Christopher Robin, encounters his childhood friend Winnie-the-Pooh, who helps him to rediscover the joys of life.",2018,Walt Disney Studios Motion Pictures,75000000.0,24585139,99215042,98529335,197744377,1-Aug-18,"['Adventure', 'Comedy', 'Drama', 'Family', 'Fantasy', 'Musical']",1 hr 44 min,PG,Marc Forster,7.2
903,jack the giant slayer,"The ancient war between humans and a race of giants is reignited when Jack, a young farmhand fighting for a kingdom and the love of a princess, opens a gateway between the two worlds.",2013,Warner Bros.,195000000.0,27202226,65187603,132500000,197687603,28-Feb-13,"['Action', 'Adventure', 'Fantasy']",1 hr 54 min,PG-13,Bryan Singer,6.3
904,smurfs: the lost village,"In this fully animated, all-new take on the Smurfs, a mysterious map sets Smurfette and her friends Brainy, Clumsy, and Hefty on an exciting race through the Forbidden Forest, leading to the discovery of the biggest secret in Smurf history.",2017,Sony Pictures Entertainment (SPE),60000000.0,13210449,45020282,152163264,197183546,29-Mar-17,"['Adventure', 'Animation', 'Comedy', 'Family', 'Fantasy']",1 hr 30 min,PG,Kelly Asbury,6.0
905,chinese doctors,"A group of doctors at a hospital in Wuhan, China are the first in the world to deal with a new disease, COVID-19.",2021,"July 9, 2021 (China)",60000000.0,2 hr 9 min,197143218,197143218,197183546,29-Mar-17,"['Adventure', 'Animation', 'Comedy', 'Family', 'Fantasy']",1 hr 30 min,PG,Wai Keung Lau,4.7
906,spy kids 3: game over,"Carmen's caught in a virtual reality game designed by the Kids' new nemesis, the Toymaker. It's up to Juni to save his sister, and ultimately the world.",2003,Dimension Films,38000000.0,32500000,111761982,85339696,197101678,25-Jul-03,"['Action', 'Adventure', 'Comedy', 'Family', 'Sci-Fi']",1 hr 24 min,PG,Robert Rodriguez,4.4
907,panic room,"A divorced woman and her diabetic daughter take refuge in their newly-purchased house's safe room when three men break-in, searching for a missing fortune.",2002,Sony Pictures Entertainment (SPE),48000000.0,30056751,96397334,100682212,197079546,29-Mar-02,"['Crime', 'Drama', 'Thriller']",1 hr 52 min,R,David Fincher,6.8
908,the other woman,"After discovering that her boyfriend is married, Carly meets the wife he's been betraying; when yet another affair is discovered, all three women team up to plot revenge on the three-timing S.O.B.",2014,Twentieth Century Fox,40000000.0,24763752,83911193,112799203,196710396,17-Apr-14,"['Comedy', 'Romance']",1 hr 49 min,PG-13,Nick Cassavetes,6.0
909,stargate,"An interstellar teleportation device, found in Egypt, leads to a planet with humans resembling ancient Egyptians who worship the god Ra.",1994,Metro-Goldwyn-Mayer (MGM),,16651018,71567262,125000000,196567262,17-Apr-14,"['Comedy', 'Romance']",1 hr 49 min,PG-13,Roland Emmerich,7.0
910,beowulf,"The warrior Beowulf must fight and defeat the monster Grendel, who is terrorizing Denmark, then Grendel's Mother, who begins killing out of revenge.",2007,Paramount Pictures,150000000.0,27515871,82280579,114113166,196393745,14-Nov-07,"['Action', 'Adventure', 'Animation', 'Fantasy']",1 hr 55 min,PG-13,Robert Zemeckis,6.3
911,the vow,"A car accident puts Paige in a coma, and when she wakes up with severe memory loss, her husband Leo works to win her heart again.",2012,Screen Gems,30000000.0,41202458,125014030,71100540,196114570,9-Feb-12,"['Drama', 'Romance']",1 hr 44 min,PG-13,Michael Sucsy,6.8
912,anger management,"Dave Buznik is a businessman who is wrongly sentenced to an anger management program, where he meets an aggressive instructor.",2003,Revolution Studios,75000000.0,42220847,135645823,60100000,195745823,11-Apr-03,['Comedy'],1 hr 46 min,PG-13,Peter Segal,6.3
913,tropic thunder,"Through a series of freak occurrences, a group of actors shooting a big-budget war movie are forced to become the soldiers they are portraying.",2008,DreamWorks,92000000.0,25812796,110515313,85187650,195702963,13-Aug-08,"['Action', 'Comedy', 'War']",1 hr 47 min,R,Ben Stiller,7.1
914,rocketman,A musical fantasy about the fantastical human story of Elton John's breakthrough years.,2019,Paramount Pictures,40000000.0,25725722,96368160,98952240,195320400,24-May-19,"['Biography', 'Drama', 'Music']",2 hr 1 min,R,Dexter Fletcher,7.3
915,the pelican brief,"A law student uncovers a conspiracy, putting herself and others in danger.",1993,Warner Bros.,,16864404,100768056,94500000,195268056,24-May-19,"['Biography', 'Drama', 'Music']",2 hr 1 min,R,Alan J. Pakula,6.6
916,the shape of water,"At a top secret research facility in the 1960s, a lonely janitor forms a unique relationship with an amphibious creature that is being held in captivity.",2017,Fox Searchlight,,166564,63859435,131384029,195243464,24-May-19,"['Biography', 'Drama', 'Music']",2 hr 1 min,R,Guillermo del Toro,7.3
917,the bfg,"An orphan little girl befriends a benevolent giant who takes her to Giant Country, where they attempt to stop the man-eating giants that are invading the human world.",2016,Walt Disney Studios Motion Pictures,140000000.0,18775350,55483770,139759641,195243411,30-Jun-16,"['Adventure', 'Family', 'Fantasy']",1 hr 57 min,PG,Steven Spielberg,6.3
918,downton abbey,"The continuing story of the Crawley family, wealthy owners of a large estate in the English countryside in the early twentieth century.",2019,Focus Features,13000000.0,31033665,96853865,97840860,194694725,12-Sep-19,"['Drama', 'Romance']",2 hr 2 min,PG,Michael Engler,7.4
919,the intern,"Seventy-year-old widower Ben Whittaker has discovered that retirement isn't all it's cracked up to be. Seizing an opportunity to get back in the game, he becomes a senior intern at an online fashion site, founded and run by Jules Ostin.",2015,Warner Bros.,35000000.0,17728313,75764672,118800000,194564672,24-Sep-15,"['Comedy', 'Drama']",2 hr 1 min,PG-13,Nancy Meyers,7.1
920,wallace & gromit: the curse of the were-rabbit,"Wallace and his loyal dog, Gromit, set out to discover the mystery behind the garden sabotage that plagues their village and threatens the annual giant vegetable growing contest.",2005,DreamWorks Distribution,30000000.0,16025987,56110897,138026506,194137403,15-Sep-05,"['Adventure', 'Animation', 'Comedy', 'Family', 'Fantasy', 'Mystery', 'Sci-Fi']",1 hr 25 min,,"Steve Box, Nick Park",7.5
921,gnomeo & juliet,"Separated by a garden fence and a feud, are blue gnomes on one side and red gnomes on the other. This doesn't stop blue Gnomeo and red Juliet from falling in love with each other. Do they have a future together?",2011,Walt Disney Studios Motion Pictures,,25356909,99967670,94000000,193967670,15-Sep-05,"['Adventure', 'Animation', 'Comedy', 'Family', 'Fantasy', 'Mystery', 'Sci-Fi']",1 hr 25 min,,Kelly Asbury,5.9
922,the sum of all fears,"CIA analyst Jack Ryan must stop the plans of a Neo-Nazi faction that threatens to induce a catastrophic conflict between the United States and Russia's President by detonating a nuclear weapon at a football game in Baltimore, Maryland.",2002,Paramount Pictures,68000000.0,31178526,118907036,75014336,193921372,31-May-02,"['Action', 'Drama', 'Thriller', 'War']",2 hr 4 min,PG-13,Phil Alden Robinson,6.5
923,gangs of new york,"In 1862, Amsterdam Vallon returns to the Five Points area of New York City seeking revenge against Bill the Butcher, his father's killer.",2002,Miramax,100000000.0,9100000,77812000,115960504,193772504,20-Dec-02,"['Crime', 'Drama']",2 hr 47 min,R,Martin Scorsese,7.5
924,the post,A cover-up spanning four U.S. Presidents pushes the country's first female newspaper publisher and her editor to join an unprecedented battle between press and government.,2017,Twentieth Century Fox,50000000.0,526011,81903458,111861206,193764664,22-Dec-17,"['Biography', 'Drama', 'History', 'Thriller', 'War']",1 hr 56 min,PG-13,Steven Spielberg,7.2
925,the monkey king 2,"When a travelling monk is stranded in a wasteland, The Monkey King must escort him across the land to retrieve sacred scriptures and protect him from an evil demon.",2016,China Lion Film Distribution,,166391,709982,192968316,193678298,22-Dec-17,"['Biography', 'Drama', 'History', 'Thriller', 'War']",1 hr 56 min,PG-13,"Soi Cheang, Jack Lai",5.9
926,paranormal activity,"After moving into a suburban home, a couple becomes increasingly disturbed by a nightly demonic presence.",2007,Paramount Pictures,15000.0,77873,107918810,85436990,193355800,25-Sep-09,"['Horror', 'Mystery']",1 hr 26 min,R,Oren Peli,6.3
927,weathering with you,"Set during a period of exceptionally rainy weather, high-school boy Hodaka Morishima runs away from his troubled rural home to Tokyo and befriends an orphan girl who can manipulate the weather.",2019,GKIDS,,1808533,8056636,184871072,192927708,25-Sep-09,"['Horror', 'Mystery']",1 hr 26 min,R,Makoto Shinkai,7.5
928,the lost city,A reclusive romance novelist on a book tour with her cover model gets swept up in a kidnapping attempt that lands them both in a cutthroat jungle adventure.,2022,Paramount Pictures,74000000.0,30453269,105344029,87563655,192907684,25-Sep-09,"['Horror', 'Mystery']",1 hr 26 min,R,"Aaron Nee, Adam Nee",6.1
929,the equalizer,A man who believes he has put his mysterious past behind him cannot stand idly by when he meets a young girl under the control of ultra-violent Russian gangsters.,2014,Sony Pictures Entertainment (SPE),55000000.0,34137828,101530738,90800000,192330738,24-Sep-14,"['Action', 'Crime', 'Thriller']",2 hr 12 min,R,Antoine Fuqua,7.3
930,sheep without a shepherd,"Desperate measures are taken by a man who tries to save his family from the dark side of the law, after they commit an unexpected crime.",2019,"December 13, 2019 (China)",55000000.0,1 hr 52 min,191602146,191602146,192330738,24-Sep-14,"['Action', 'Crime', 'Thriller']",2 hr 12 min,R,Sam Quah,6.8
931,the addams family,Con artists plan to fleece an eccentric family using an accomplice who claims to be their long-lost uncle.,1991,Paramount Pictures,30000000.0,24203754,113502426,78000000,191502426,22-Nov-91,"['Comedy', 'Fantasy']",1 hr 39 min,,Barry Sonnenfeld,6.9
932,the longest yard,Prison inmates form a football team to challenge the prison guards.,2005,Paramount Pictures,82000000.0,47606480,158119460,33347096,191466556,27-May-05,"['Comedy', 'Crime', 'Sport']",1 hr 53 min,PG-13,Peter Segal,6.4
933,the santa clause,"When a man inadvertently makes Santa fall off his roof on Christmas Eve, he finds himself magically recruited to take his place.",1994,Walt Disney Studios Motion Pictures,22000000.0,19321992,145539357,45000000,190539357,11-Nov-94,"['Comedy', 'Drama', 'Family', 'Fantasy']",1 hr 37 min,PG,John Pasquin,6.6
934,cheaper by the dozen,"With his wife doing a book tour, a father of twelve must handle a new job and his unstable brood.",2003,Twentieth Century Fox,40000000.0,27557647,138614544,51924086,190538630,25-Dec-03,"['Comedy', 'Family']",1 hr 38 min,PG,Shawn Levy,5.9
935,the equalizer 2,"Robert McCall serves an unflinching justice for the exploited and oppressed, but how far will he go when that is someone he loves?",2018,Sony Pictures Entertainment (SPE),62000000.0,36011640,102084362,88315795,190400157,18-Jul-18,"['Action', 'Crime', 'Thriller']",2 hr 1 min,R,Antoine Fuqua,6.7
936,abominable,Three teenagers must help a Yeti return to his family while avoiding a wealthy man and a zoologist who want him for their own needs.,2019,Universal Pictures,75000000.0,20612100,61270390,129034382,190304772,19-Sep-19,"['Adventure', 'Animation', 'Comedy', 'Family', 'Fantasy']",1 hr 37 min,PG,"Jill Culton, Todd Wilderman",7.0
937,hollow man,"A brilliant scientist's discovery renders him invisible, but transforms him into an omnipotent, dangerous megalomaniac.",2000,Sony Pictures Entertainment (SPE),95000000.0,26414386,73209340,117004115,190213455,4-Aug-00,"['Action', 'Horror', 'Sci-Fi', 'Thriller']",1 hr 52 min,R,Paul Verhoeven,5.9
938,outbreak,Army doctors struggle to find a cure for a deadly virus spreading throughout a California town that was brought to America by an African monkey.,1995,Warner Bros.,,13420387,67659560,122200000,189859560,4-Aug-00,"['Action', 'Horror', 'Sci-Fi', 'Thriller']",1 hr 52 min,R,Wolfgang Petersen,6.6
939,the white storm 2: drug lords,"A wealthy businessman tries to take down a drug kingpin that he used to work with, while a policeman tries to find justice without breaking the law.",2019,CMC Pictures,,244795,609461,188786919,189396380,4-Aug-00,"['Action', 'Horror', 'Sci-Fi', 'Thriller']",1 hr 52 min,R,Herman Yau,6.0
940,the x files,Mulder and Scully must fight the government in a conspiracy and find the truth about an alien colonization of Earth.,1998,Twentieth Century Fox,,30138758,83898313,105278110,189176423,4-Aug-00,"['Action', 'Horror', 'Sci-Fi', 'Thriller']",1 hr 52 min,R,Rob Bowman,7.0
941,breakup buddies,"Recently cuckolded and reeling from a messy divorce, a hapless former singer hits the road and the bar with his all-too-helpful best bud.",2014,China Lion Film Distribution,,230204,777896,188239700,189017596,4-Aug-00,"['Action', 'Horror', 'Sci-Fi', 'Thriller']",1 hr 52 min,R,Hao Ning,6.4
942,rambo iii,Rambo mounts a one-man mission to rescue his friend Colonel Trautman from the clutches of the formidable invading Soviet forces in Afghanistan.,1988,TriStar Pictures,63000000.0,13034238,53715611,135300000,189015611,25-May-88,"['Action', 'Adventure', 'Thriller']",1 hr 42 min,,Peter MacDonald,5.8
943,insidious: the red door,The Lamberts must go deeper into The Further than ever before to put their demons to rest once and for all.,2023,Screen Gems,,33013036,82156962,106341657,188498619,25-May-88,"['Action', 'Adventure', 'Thriller']",1 hr 42 min,,Patrick Wilson,5.5
944,the secret life of walter mitty,"When both he and a colleague are about to lose their job, Walter takes action by embarking on an adventure more extraordinary than anything he ever imagined.",2013,Twentieth Century Fox,90000000.0,12765508,58236838,129896484,188133322,19-Dec-13,"['Adventure', 'Comedy', 'Drama', 'Fantasy', 'Romance']",1 hr 54 min,PG,Ben Stiller,7.3
945,project gutenberg,"Hong Kong police are hunting a counterfeiting gang led by a mastermind code-named ""Painter"". In order to crack this true identity, the police recruit gang member Lee Man to unmask ""Painter's"" secret identity.",2018,"September 27, 2018 (Hong Kong)",90000000.0,2 hr 10 min,188116796,188116796,188133322,19-Dec-13,"['Adventure', 'Comedy', 'Drama', 'Fantasy', 'Romance']",1 hr 54 min,PG,Felix Chong,6.8
946,jaws 2,Police chief Brody must protect the citizens of Amity after a second monstrous shark begins terrorizing the waters.,1978,Universal Pictures,,9866023,81766007,106118000,187884007,19-Dec-13,"['Adventure', 'Comedy', 'Drama', 'Fantasy', 'Romance']",1 hr 54 min,PG,Jeannot Szwarc,5.8
947,12 years a slave,"In the antebellum United States, Solomon Northup, a free black man from upstate New York, is abducted and sold into slavery.",2013,Fox Searchlight,20000000.0,923715,56671993,131061209,187733202,18-Oct-13,"['Biography', 'Drama', 'History']",2 hr 14 min,R,Steve McQueen,8.1
948,heat,A group of high-end professional thieves start to feel the heat from the LAPD when they unknowingly leave a clue at their latest heist.,1995,Warner Bros.,,8445656,67436818,120000000,187436818,18-Oct-13,"['Biography', 'Drama', 'History']",2 hr 14 min,R,Michael Mann,8.3
949,mr. popper's penguins,"The life of a businessman begins to change after he inherits six penguins, and as he transforms his apartment into a winter wonderland, his professional side starts to unravel.",2011,Twentieth Century Fox,55000000.0,18445355,68224452,119137302,187361754,16-Jun-11,"['Comedy', 'Family', 'Fantasy']",1 hr 34 min,PG,,
950,the grudge,"An American nurse living and working in Tokyo is exposed to a mysterious supernatural curse, one that locks a person in a powerful rage before claiming their life and spreading to another victim.",2004,Sony Pictures Entertainment (SPE),10000000.0,39128715,110359362,76921753,187281115,22-Oct-04,"['Horror', 'Mystery', 'Thriller']",1 hr 31 min,PG-13,Takashi Shimizu,5.9
951,one piece film: red,"For the first time ever, Uta - the most beloved singer in the world - will reveal herself to the world at a live concert. The voice that the whole world has been waiting for is about to resound.",2022,Crunchyroll,,9340245,12775324,174395380,187170704,22-Oct-04,"['Horror', 'Mystery', 'Thriller']",1 hr 31 min,PG-13,Gorô Taniguchi,6.8
952,i now pronounce you chuck & larry,"Two straight, single Brooklyn firefighters pretend to be a gay couple in order to receive domestic partner benefits.",2007,Universal Pictures,85000000.0,34233750,120059556,67074561,187134117,20-Jul-07,"['Comedy', 'Romance']",1 hr 55 min,PG-13,Dennis Dugan,5.9
953,the horse whisperer,The mother of a severely traumatized daughter enlists the aid of a unique horse trainer to help the girl's equally injured horse.,1998,Walt Disney Studios Motion Pictures,,13685488,75383563,111500000,186883563,20-Jul-07,"['Comedy', 'Romance']",1 hr 55 min,PG-13,Robert Redford,6.7
954,walk the line,"A chronicle of country music legend Johnny Cash's life, from his early days on an Arkansas cotton farm to his rise to fame with Sun Records in Memphis, where he recorded alongside Elvis Presley, Jerry Lee Lewis, and Carl Perkins.",2005,Twentieth Century Fox,28000000.0,22347341,119519402,67278584,186797986,2-Feb-05,"['Biography', 'Drama', 'Music', 'Romance']",2 hr 16 min,PG-13,James Mangold,7.8
955,jian bing man,"A story of a disgraced actor struggling to find a way back to the top, finding the meaning of true friends on the way.",2015,"July 17, 2015 (China)",28000000.0,1 hr 53 min,186699768,186699768,186797986,2-Feb-05,"['Biography', 'Drama', 'Music', 'Romance']",2 hr 16 min,PG-13,Da Peng,5.6
956,the jungle book 2,"Mowgli, missing the jungle and his old friends, runs away from the man village unaware of the danger he's in by going back to the wild.",2003,Walt Disney Studios Motion Pictures,20000000.0,11441733,47901582,138402177,186303759,5-Feb-03,"['Adventure', 'Animation', 'Comedy', 'Family', 'Music', 'Musical']",1 hr 12 min,,Steve Trenbirth,5.3
957,the final destination,A horrifying premonition saves a young man and his friends from death during a racetrack accident but terrible fates await them nonetheless.,2009,Warner Bros.,40000000.0,27408309,66477700,119689439,186167139,26-Aug-09,"['Horror', 'Thriller']",1 hr 22 min,R,David R. Ellis,5.1
958,atlantis: the lost empire,A young linguist named Milo Thatch joins an intrepid group of explorers to find the mysterious lost continent of Atlantis.,2001,Walt Disney Studios Motion Pictures,120000000.0,329011,84056472,101997253,186053725,8-Jun-01,"['Action', 'Adventure', 'Animation', 'Family', 'Fantasy', 'Sci-Fi']",1 hr 35 min,PG,"Gary Trousdale, Kirk Wise",6.9
959,inside man,"A police detective, a bank robber, and a high-power broker enter high-stakes negotiations after the criminal's brilliant heist spirals into a hostage situation.",2006,Universal Pictures,45000000.0,28954945,88513495,97490096,186003591,23-Mar-06,"['Crime', 'Drama', 'Mystery', 'Thriller']",2 hr 9 min,R,Spike Lee,7.6
960,the waterboy,A waterboy for a college football team discovers he has a unique tackling ability and becomes a member of the team.,1998,Walt Disney Studios Motion Pictures,23000000.0,39414071,161491646,24500000,185991646,6-Nov-98,"['Comedy', 'Sport']",1 hr 30 min,PG-13,Frank Coraci,6.2
961,hugo,"In 1931 Paris, an orphan living in the walls of a train station gets wrapped up in a mystery involving his late father and an automaton.",2011,Paramount Pictures,180000000.0,11364505,73864507,111905803,185770310,6-Nov-98,"['Comedy', 'Sport']",1 hr 30 min,PG-13,Martin Scorsese,7.5
962,pitch perfect 3,"Following their win at the world championship, the now separated Bellas reunite for one last singing competition at an overseas USO tour, but face a group who uses both instruments and voices.",2017,Universal Pictures,45000000.0,19928525,104897530,80502815,185400345,21-Dec-17,"['Comedy', 'Music']",1 hr 33 min,PG-13,Trish Sie,5.8
963,watchmen,"In 1985 where former superheroes exist, the murder of a colleague sends active vigilante Rorschach into his own sprawling investigation, uncovering something that could completely change the course of history as we know it.",2009,Warner Bros.,130000000.0,55214334,107509799,77873014,185382813,4-Mar-09,"['Action', 'Drama', 'Mystery', 'Sci-Fi']",2 hr 42 min,R,Zack Snyder,7.6
964,the birdcage,A gay cabaret owner and his drag queen companion agree to put up a false straight front so that their son can introduce them to his fiancée's right-wing moralistic parents.,1996,Metro-Goldwyn-Mayer (MGM),,18275828,124060553,61200000,185260553,4-Mar-09,"['Action', 'Drama', 'Mystery', 'Sci-Fi']",2 hr 42 min,R,Mike Nichols,7.2
965,moulin rouge!,A poor Bohemian poet in 1890s Paris falls for a beautiful courtesan and nightclub star coveted by a jealous duke.,2001,Twentieth Century Fox,50000000.0,167540,57386607,127541935,184928542,18-May-01,"['Drama', 'Musical', 'Romance']",2 hr 7 min,PG-13,Baz Luhrmann,7.6
966,snow white and the seven dwarfs,"Exiled into the dangerous forest by her wicked stepmother, a princess is rescued by seven dwarf miners who make her part of their household.",1937,Walt Disney Studios Motion Pictures,,1499000,184925486,184925486,184928542,18-May-01,"['Drama', 'Musical', 'Romance']",2 hr 7 min,PG-13,"William Cottrell, David Hand, Wilfred Jackson",7.6
967,ode to my father,"Amid the time of Korean War, a young boy's vow to take care of his family marked the beginning of a lifelong promise spanning 60 years.",2014,CJ Entertainment,,33880,2300121,182527438,184827559,18-May-01,"['Drama', 'Musical', 'Romance']",2 hr 7 min,PG-13,JK Youn,7.8
968,hop,"E.B., the Easter Bunny's teenage son, heads to Hollywood, determined to become a drummer in a rock 'n' roll band. In LA, he's taken in by Fred after the out-of-work slacker hits E.B. with his car.",2011,Universal Pictures,63000000.0,37543710,108498305,75868840,184367145,30-Mar-11,"['Adventure', 'Animation', 'Comedy', 'Family', 'Fantasy']",1 hr 35 min,PG,Tim Hill,5.4
969,bad moms,"When three overworked and under-appreciated moms are pushed beyond their limits, they ditch their conventional responsibilities for a jolt of long overdue freedom, fun and comedic self-indulgence.",2016,STX Entertainment,20000000.0,23817340,113257297,70678777,183936074,28-Jul-16,['Comedy'],1 hr 40 min,R,"Jon Lucas, Scott Moore",6.2
970,jupiter ascending,A young woman discovers her destiny as an heiress of intergalactic nobility and must fight to protect the inhabitants of Earth from an ancient and destructive industry.,2015,Warner Bros.,176000000.0,18372372,47387723,136500000,183887723,4-Feb-15,"['Action', 'Adventure', 'Sci-Fi']",2 hr 7 min,PG-13,"Lana Wachowski, Lilly Wachowski",5.3
971,knowing,M.I.T. professor John Koestler links a mysterious list of numbers from a time capsule to past and future disasters and sets out to prevent the ultimate catastrophe.,2009,Summit Entertainment,50000000.0,24604751,79957634,103700864,183658498,16-May-07,"['Action', 'Mystery', 'Sci-Fi', 'Thriller']",2 hr 1 min,PG-13,Alex Proyas,6.2
972,102 dalmatians,Cruella DeVil gets out of prison and goes after the puppies once more.,2000,Walt Disney Studios Motion Pictures,85000000.0,19883351,66957026,116654745,183611771,22-Nov-00,"['Adventure', 'Comedy', 'Family']",1 hr 40 min,,Kevin Lima,4.9
973,storks,"Storks have moved on from delivering babies to packages. But when an order for a baby appears, the best delivery stork must scramble to fix the error by delivering the baby.",2016,Warner Bros.,70000000.0,21311407,72800603,110709675,183510278,22-Sep-16,"['Adventure', 'Animation', 'Comedy', 'Family', 'Fantasy']",1 hr 27 min,PG,"Nicholas Stoller, Doug Sweetland",6.8
974,stand by me doraemon,What will happen to Nobita's life after Doraemon leaves?,2014,"July 31, 2014 (Hong Kong)",70000000.0,1 hr 35 min,183442714,183442714,183510278,22-Sep-16,"['Adventure', 'Animation', 'Comedy', 'Family', 'Fantasy']",1 hr 27 min,PG,"Tony Oliver, Ryuichi Yagi, Takashi Yamazaki",7.3
975,the hitman's bodyguard,"One of the world's top bodyguards gets a new client, a world class hitman who must testify at the International Criminal Court. They must put their differences aside and work together to make it to the trial alive and on time.",2017,Lionsgate,30000000.0,21384504,75468583,107960106,183428689,16-Aug-17,"['Action', 'Comedy', 'Crime', 'Thriller']",1 hr 58 min,R,Patrick Hughes,6.9
976,paul blart: mall cop,"When a shopping mall is taken over by a gang of organized crooks, it's up to a mild-mannered security guard to save the day.",2009,Sony Pictures Entertainment (SPE),26000000.0,31832636,146336178,37012251,183348429,16-Jan-09,"['Action', 'Comedy', 'Crime', 'Family']",1 hr 31 min,PG,Steve Carr,5.3
977,wayne's world,Two slacker friends try to promote their public-access cable show.,1992,Paramount Pictures,20000000.0,18122710,121697323,61400000,183097323,14-Feb-92,"['Comedy', 'Music']",1 hr 34 min,PG-13,Penelope Spheeris,7.0
978,maverick,"Bret Maverick, needing money for a poker tournament, faces various comic mishaps and challenges, including a charming woman thief.",1994,Warner Bros.,,17248545,101631272,81400000,183031272,14-Feb-92,"['Comedy', 'Music']",1 hr 34 min,PG-13,Richard Donner,7.0
979,mirror mirror,An evil queen steals control of a kingdom and an exiled princess enlists the help of seven resourceful rebels to win back her birthright.,2012,Relativity Media,85000000.0,18132085,64935167,118083355,183018522,15-Mar-12,"['Adventure', 'Comedy', 'Drama', 'Family', 'Fantasy']",1 hr 46 min,PG,Tarsem Singh,5.6
980,the man in the iron mask,The cruel King Louis XIV of France has a secret twin brother whom he keeps imprisoned. Can the twin be substituted for the real king?,1998,Metro-Goldwyn-Mayer (MGM),,17271450,56968902,126000000,182968902,15-Mar-12,"['Adventure', 'Comedy', 'Drama', 'Family', 'Fantasy']",1 hr 46 min,PG,Randall Wallace,6.5
981,cape fear,"A convicted rapist, released from prison after serving a fourteen-year sentence, stalks the family of the lawyer who originally defended him.",1991,Universal Pictures,,10261025,79091969,103200000,182291969,15-Mar-12,"['Adventure', 'Comedy', 'Drama', 'Family', 'Fantasy']",1 hr 46 min,PG,Martin Scorsese,7.3
982,the haunted mansion,"A realtor and his wife and children are summoned to a mansion, which they soon discover is haunted, and while they attempt to escape, he learns an important lesson about the family he has neglected.",2003,Walt Disney Studios Motion Pictures,90000000.0,24278410,75847266,106443000,182290266,26-Nov-03,"['Comedy', 'Family', 'Fantasy', 'Horror', 'Mystery']",1 hr 39 min,PG,Rob Minkoff,5.2
983,the monkey king: havoc in heaven's palace,A monkey born from heavenly stone acquires supernatural powers and must battle the armies of both gods and demons to find his place in the heavens.,2014,"January 29, 2014 (Hong Kong)",90000000.0,1 hr 59 min,182206924,182206924,182290266,26-Nov-03,"['Comedy', 'Family', 'Fantasy', 'Horror', 'Mystery']",1 hr 39 min,PG,Soi Cheang,4.9
984,while you were sleeping,A hopelessly romantic Chicago Transit Authority token collector is mistaken for the fiancée of a coma patient.,1995,Walt Disney Studios Motion Pictures,17000000.0,9288915,81057016,101000000,182057016,21-Apr-95,"['Comedy', 'Drama', 'Romance']",1 hr 43 min,PG,Jon Turteltaub,6.8
985,the bridges of madison county,Photographer Robert Kincaid wanders into the life of housewife Francesca Johnson for four days in the 1960s.,1995,Warner Bros.,24000000.0,10519257,71516617,110500000,182016617,2-Jun-95,"['Drama', 'Romance']",2 hr 15 min,PG-13,Clint Eastwood,7.6
986,from vegas to macau iii,"Ken is holding a wedding ceremony in Macau for her daughter, Rainbow, who is marrying his protege, Vincent. Ken's best buddies, Vic and Mark, are invited to the wedding. On the wedding day itself, Mark receives a phone call from Michael Chen, who warns him that a mysterious tycoon has hired mercenaries to assassinate Ken. The wedding is then sabotaged, while Ken and Mark are accused to have engulfed DOA's illicit money. Once again, Ken and Mark are being chased by assassins and Michael arrives to rescue the guys along with the help of Faye, Ko Chun's niece.",2016,"February 4, 2016 (APAC)",24000000.0,1 hr 53 min,181732879,181732879,182016617,2-Jun-95,"['Drama', 'Romance']",2 hr 15 min,PG-13,"Wai Keung Lau, Jing Wong",2.6
987,poseidon,"On New Year's Eve, the luxury ocean liner Poseidon capsizes after being swamped by a rogue wave. The survivors are left to fight for their lives as they attempt to escape the sinking ship.",2006,Warner Bros.,160000000.0,22155410,60674817,121000000,181674817,10-May-06,"['Action', 'Adventure', 'Thriller']",1 hr 38 min,PG-13,Wolfgang Petersen,5.7
988,the first wives club,"Reunited by the death of a college friend, three divorced women seek revenge on the husbands who left them for younger women.",1996,Paramount Pictures,,18913411,105489203,76000000,181489203,10-May-06,"['Action', 'Adventure', 'Thriller']",1 hr 38 min,PG-13,Hugh Wilson,6.5
989,cliff walkers,"In the puppet state of Manchukuo in the 1930s, four Communist party special agents, after returning to China, embark on a secret mission. Sold out by a traitor, the team find themselves surrounded by threats on all sides.",2021,CMC Pictures,,53142,152972,181172593,181325565,10-May-06,"['Action', 'Adventure', 'Thriller']",1 hr 38 min,PG-13,"Zhuang Jieqiong, Yimou Zhang",6.5
990,scooby-doo 2: monsters unleashed,The Mystery Inc. gang must save Coolsville from an attack of their past monsters brought to life by an evil masked figure trying to take down the gang.,2004,Warner Bros.,,29438331,84239132,97000000,181239132,10-May-06,"['Action', 'Adventure', 'Thriller']",1 hr 38 min,PG-13,Raja Gosnell,5.3
991,hot shots!,A parody of Top Gun in which a talented but unstable fighter pilot must overcome the ghosts of his father and save a mission sabotaged by greedy weapons manufacturers.,1991,Twentieth Century Fox,26000000.0,10848182,69467617,111628547,181096164,31-Jul-91,"['Action', 'Comedy']",1 hr 24 min,,Jim Abrahams,6.7
992,road to perdition,"A mob enforcer's son in 1930s Illinois witnesses a murder, forcing him and his father to take to the road, and his father down a path of redemption and revenge.",2002,DreamWorks Distribution,80000000.0,22079481,104454762,76546716,181001478,12-Jul-02,"['Crime', 'Drama', 'Thriller']",1 hr 57 min,R,Sam Mendes,7.7
993,kill bill: vol. 1,"After awakening from a four-year coma, a former assassin wreaks vengeance on the team of assassins who betrayed her.",2003,Miramax,30000000.0,22200000,70099045,110807031,180906076,9-Oct-03,"['Action', 'Crime', 'Thriller']",1 hr 51 min,R,Quentin Tarantino,8.2
994,the scorpion king,"A desert warrior rises up against the evil army that is destroying his homeland. He captures the enemy's key sorcerer, takes her deep into the desert and prepares for a final showdown.",2002,Universal Pictures,60000000.0,36075875,91047077,89583830,180630907,18-Apr-02,"['Action', 'Adventure', 'Fantasy']",1 hr 32 min,PG-13,Chuck Russell,5.5
995,sweet home alabama,A young woman who has reinvented herself as a New York City socialite must return home to Alabama to obtain a divorce from her husband after seven years of separation.,2002,Walt Disney Studios Motion Pictures,30000000.0,35648740,127223418,53399006,180622424,27-Sep-02,"['Comedy', 'Romance']",1 hr 48 min,PG-13,Andy Tennant,6.2
996,daddy's home 2,"Having finally gotten used to each other's existence, Brad and Dusty must now deal with their intrusive fathers during the holidays.",2017,Paramount Pictures,69000000.0,29651193,104029443,76584381,180613824,9-Nov-17,['Comedy'],1 hr 40 min,PG-13,Sean Anders,6.0
997,hacksaw ridge,"World War II American Army Medic Desmond T. Doss, serving during the Battle of Okinawa, refuses to kill people and becomes the first man in American history to receive the Medal of Honor without firing a shot.",2016,Lionsgate,40000000.0,15190758,67209615,113354021,180563636,3-Nov-16,"['Biography', 'Drama', 'History', 'War']",2 hr 19 min,R,Mel Gibson,8.1
998,deja vu,"After a ferry is bombed in New Orleans, an A.T.F. agent joins a unique investigation using experimental surveillance technology to find the bomber, but soon finds himself becoming obsessed with one of the victims.",2006,Walt Disney Studios Motion Pictures,75000000.0,20574802,64038616,116518934,180557550,22-Nov-06,"['Action', 'Crime', 'Sci-Fi', 'Thriller']",2 hr 6 min,PG-13,Tony Scott,7.1
999,m3gan,A robotics engineer at a toy company builds a life-like doll that begins to take on a life of its own.,2022,Universal Pictures,,30429860,95043350,84925523,179968873,22-Nov-06,"['Action', 'Crime', 'Sci-Fi', 'Thriller']",2 hr 6 min,PG-13,Gerard Johnstone,6.3
